motif_ID	motif_ALT_ID	motif_P-value	seq_ID	seq_Score	seq_Class	is_holdout?
1-CCASYAGRKGGCRSYVKDG	STREME-1	3.7e-032	chr10:112314845-112315164	23.69	tp	0
1-CCASYAGRKGGCRSYVKDG	STREME-1	3.7e-032	chr8:132651435-132651876	23.59	tp	0
1-CCASYAGRKGGCRSYVKDG	STREME-1	3.7e-032	chr8:22918312-22918875	23.37	tp	0
1-CCASYAGRKGGCRSYVKDG	STREME-1	3.7e-032	chr1:36553896-36554152	22.76	tp	0
1-CCASYAGRKGGCRSYVKDG	STREME-1	3.7e-032	chr6:13795138-13795440	22.68	tp	0
1-CCASYAGRKGGCRSYVKDG	STREME-1	3.7e-032	chr6:130322761-130322991	22.63	tp	0
1-CCASYAGRKGGCRSYVKDG	STREME-1	3.7e-032	chr13:108961517-108962006	22.36	tp	1
1-CCASYAGRKGGCRSYVKDG	STREME-1	3.7e-032	chr1:62841651-62841896	22.22	tp	1
1-CCASYAGRKGGCRSYVKDG	STREME-1	3.7e-032	chr21:42145405-42145932	22.11	tp	0
1-CCASYAGRKGGCRSYVKDG	STREME-1	3.7e-032	chr12:1940063-1940359	21.91	tp	0
1-CCASYAGRKGGCRSYVKDG	STREME-1	3.7e-032	chr12:44931012-44931309	21.90	tp	0
1-CCASYAGRKGGCRSYVKDG	STREME-1	3.7e-032	chr5:129767887-129768321	21.90	tp	0
1-CCASYAGRKGGCRSYVKDG	STREME-1	3.7e-032	chr9:17063627-17063875	21.87	tp	0
1-CCASYAGRKGGCRSYVKDG	STREME-1	3.7e-032	chr2:57759714-57760328	21.84	tp	0
1-CCASYAGRKGGCRSYVKDG	STREME-1	3.7e-032	chr10:128011225-128011834	21.81	tp	0
1-CCASYAGRKGGCRSYVKDG	STREME-1	3.7e-032	chr4:41281086-41281396	21.61	tp	0
1-CCASYAGRKGGCRSYVKDG	STREME-1	3.7e-032	chr3:56251384-56251660	21.59	tp	0
1-CCASYAGRKGGCRSYVKDG	STREME-1	3.7e-032	chr2:191690888-191691325	21.59	tp	1
1-CCASYAGRKGGCRSYVKDG	STREME-1	3.7e-032	chr4:139030713-139030956	21.56	tp	0
1-CCASYAGRKGGCRSYVKDG	STREME-1	3.7e-032	chr9:122350621-122350909	21.40	tp	0
1-CCASYAGRKGGCRSYVKDG	STREME-1	3.7e-032	chr2:18520488-18521006	21.37	tp	0
1-CCASYAGRKGGCRSYVKDG	STREME-1	3.7e-032	chr8:140831166-140831417	21.36	tp	0
1-CCASYAGRKGGCRSYVKDG	STREME-1	3.7e-032	chr6:89368200-89368397	21.35	tp	1
1-CCASYAGRKGGCRSYVKDG	STREME-1	3.7e-032	chr4:81351722-81351971	21.34	tp	0
1-CCASYAGRKGGCRSYVKDG	STREME-1	3.7e-032	chr12:49088142-49088728	21.30	tp	0
1-CCASYAGRKGGCRSYVKDG	STREME-1	3.7e-032	chr5:143825104-143825447	21.27	tp	0
1-CCASYAGRKGGCRSYVKDG	STREME-1	3.7e-032	chr9:114290884-114291484	21.27	tp	0
1-CCASYAGRKGGCRSYVKDG	STREME-1	3.7e-032	chr10:63719930-63720416	21.23	tp	0
1-CCASYAGRKGGCRSYVKDG	STREME-1	3.7e-032	chr8:29340076-29340691	21.22	tp	0
1-CCASYAGRKGGCRSYVKDG	STREME-1	3.7e-032	chr22:36470268-36470579	21.21	tp	0
1-CCASYAGRKGGCRSYVKDG	STREME-1	3.7e-032	chr14:95442470-95442994	21.20	tp	0
1-CCASYAGRKGGCRSYVKDG	STREME-1	3.7e-032	chr20:50818221-50818837	21.07	tp	1
1-CCASYAGRKGGCRSYVKDG	STREME-1	3.7e-032	chr17:63406753-63407061	20.94	tp	0
1-CCASYAGRKGGCRSYVKDG	STREME-1	3.7e-032	chr6:88780721-88781281	20.77	tp	0
1-CCASYAGRKGGCRSYVKDG	STREME-1	3.7e-032	chr5:150435974-150436603	20.75	tp	0
1-CCASYAGRKGGCRSYVKDG	STREME-1	3.7e-032	chr7:8296033-8296452	20.70	tp	0
1-CCASYAGRKGGCRSYVKDG	STREME-1	3.7e-032	chr14:23727498-23727900	20.70	tp	0
1-CCASYAGRKGGCRSYVKDG	STREME-1	3.7e-032	chr10:33193409-33193720	20.68	tp	1
1-CCASYAGRKGGCRSYVKDG	STREME-1	3.7e-032	chr4:94406754-94407017	20.68	tp	0
1-CCASYAGRKGGCRSYVKDG	STREME-1	3.7e-032	chr9:6306014-6306293	20.67	tp	0
1-CCASYAGRKGGCRSYVKDG	STREME-1	3.7e-032	chr8:18912268-18912492	20.64	tp	0
1-CCASYAGRKGGCRSYVKDG	STREME-1	3.7e-032	chr19:13589268-13589556	20.63	tp	0
1-CCASYAGRKGGCRSYVKDG	STREME-1	3.7e-032	chr7:144391652-144392287	20.60	tp	0
1-CCASYAGRKGGCRSYVKDG	STREME-1	3.7e-032	chr11:129117667-129117900	20.58	tp	0
1-CCASYAGRKGGCRSYVKDG	STREME-1	3.7e-032	chr11:46006484-46006735	20.58	tp	0
1-CCASYAGRKGGCRSYVKDG	STREME-1	3.7e-032	chr6:55445736-55445954	20.57	tp	1
1-CCASYAGRKGGCRSYVKDG	STREME-1	3.7e-032	chr22:44626248-44626629	20.56	tp	0
1-CCASYAGRKGGCRSYVKDG	STREME-1	3.7e-032	chr14:22387296-22387864	20.54	tp	0
1-CCASYAGRKGGCRSYVKDG	STREME-1	3.7e-032	chr13:36282774-36283320	20.53	tp	0
1-CCASYAGRKGGCRSYVKDG	STREME-1	3.7e-032	chr6:148464763-148465074	20.52	tp	0
1-CCASYAGRKGGCRSYVKDG	STREME-1	3.7e-032	chrX:68196921-68197323	20.52	tp	0
1-CCASYAGRKGGCRSYVKDG	STREME-1	3.7e-032	chr11:20647879-20648455	20.51	tp	0
1-CCASYAGRKGGCRSYVKDG	STREME-1	3.7e-032	chr5:135426163-135426390	20.51	tp	0
1-CCASYAGRKGGCRSYVKDG	STREME-1	3.7e-032	chr18:3281464-3281784	20.46	tp	0
1-CCASYAGRKGGCRSYVKDG	STREME-1	3.7e-032	chr3:179015468-179016022	20.45	tp	0
1-CCASYAGRKGGCRSYVKDG	STREME-1	3.7e-032	chr5:170420797-170421163	20.41	tp	0
1-CCASYAGRKGGCRSYVKDG	STREME-1	3.7e-032	chr15:80969967-80970453	20.41	tp	1
1-CCASYAGRKGGCRSYVKDG	STREME-1	3.7e-032	chr6:3732295-3733086	20.40	tp	0
1-CCASYAGRKGGCRSYVKDG	STREME-1	3.7e-032	chr7:130897037-130897280	20.38	tp	0
1-CCASYAGRKGGCRSYVKDG	STREME-1	3.7e-032	chr1:246003173-246003486	20.37	tp	0
1-CCASYAGRKGGCRSYVKDG	STREME-1	3.7e-032	chr5:81195012-81195464	20.36	tp	0
1-CCASYAGRKGGCRSYVKDG	STREME-1	3.7e-032	chr7:97065050-97065288	20.35	tp	0
1-CCASYAGRKGGCRSYVKDG	STREME-1	3.7e-032	chr5:141691929-141692591	20.30	tp	0
1-CCASYAGRKGGCRSYVKDG	STREME-1	3.7e-032	chr9:17462861-17463160	20.28	tp	0
1-CCASYAGRKGGCRSYVKDG	STREME-1	3.7e-032	chr3:53113975-53114278	20.28	tp	0
1-CCASYAGRKGGCRSYVKDG	STREME-1	3.7e-032	chr9:121992633-121992936	20.26	tp	1
1-CCASYAGRKGGCRSYVKDG	STREME-1	3.7e-032	chr15:50145430-50145711	20.24	tp	0
1-CCASYAGRKGGCRSYVKDG	STREME-1	3.7e-032	chr12:117212646-117212911	20.23	tp	0
1-CCASYAGRKGGCRSYVKDG	STREME-1	3.7e-032	chr2:42859009-42859263	20.22	tp	0
1-CCASYAGRKGGCRSYVKDG	STREME-1	3.7e-032	chr14:67943933-67944188	20.20	tp	0
1-CCASYAGRKGGCRSYVKDG	STREME-1	3.7e-032	chr3:73508425-73508662	20.20	tp	0
1-CCASYAGRKGGCRSYVKDG	STREME-1	3.7e-032	chr2:143259437-143259755	20.19	tp	0
1-CCASYAGRKGGCRSYVKDG	STREME-1	3.7e-032	chr3:159263830-159264046	20.13	tp	0
1-CCASYAGRKGGCRSYVKDG	STREME-1	3.7e-032	chr5:135560761-135561265	20.12	tp	0
1-CCASYAGRKGGCRSYVKDG	STREME-1	3.7e-032	chr4:95165961-95166330	20.10	tp	0
1-CCASYAGRKGGCRSYVKDG	STREME-1	3.7e-032	chr20:57596885-57597436	20.07	tp	0
1-CCASYAGRKGGCRSYVKDG	STREME-1	3.7e-032	chr6:138590928-138591183	20.06	tp	0
1-CCASYAGRKGGCRSYVKDG	STREME-1	3.7e-032	chr19:46757353-46757643	20.03	tp	0
1-CCASYAGRKGGCRSYVKDG	STREME-1	3.7e-032	chr15:60585833-60586107	20.00	tp	1
1-CCASYAGRKGGCRSYVKDG	STREME-1	3.7e-032	chr6:10801287-10801557	20.00	tp	0
1-CCASYAGRKGGCRSYVKDG	STREME-1	3.7e-032	chr12:12376689-12376987	19.97	tp	0
1-CCASYAGRKGGCRSYVKDG	STREME-1	3.7e-032	chr10:122142893-122143134	19.95	tp	0
1-CCASYAGRKGGCRSYVKDG	STREME-1	3.7e-032	chr10:58177449-58177679	19.92	tp	0
1-CCASYAGRKGGCRSYVKDG	STREME-1	3.7e-032	chr9:132575069-132575397	19.92	tp	0
1-CCASYAGRKGGCRSYVKDG	STREME-1	3.7e-032	chr20:47383930-47384510	19.90	tp	1
1-CCASYAGRKGGCRSYVKDG	STREME-1	3.7e-032	chr10:7525338-7525852	19.81	tp	0
1-CCASYAGRKGGCRSYVKDG	STREME-1	3.7e-032	chr11:15208559-15209011	19.78	tp	0
1-CCASYAGRKGGCRSYVKDG	STREME-1	3.7e-032	chrX:19544771-19545012	19.77	tp	0
1-CCASYAGRKGGCRSYVKDG	STREME-1	3.7e-032	chr6:56359240-56359561	19.75	tp	0
1-CCASYAGRKGGCRSYVKDG	STREME-1	3.7e-032	chr2:88740060-88740315	19.75	tp	1
1-CCASYAGRKGGCRSYVKDG	STREME-1	3.7e-032	chrX:124388642-124388899	19.75	tp	1
1-CCASYAGRKGGCRSYVKDG	STREME-1	3.7e-032	chr17:66715771-66716084	19.74	tp	0
1-CCASYAGRKGGCRSYVKDG	STREME-1	3.7e-032	chr15:60520845-60521156	19.70	tp	0
1-CCASYAGRKGGCRSYVKDG	STREME-1	3.7e-032	chr8:117328988-117329261	19.70	tp	0
1-CCASYAGRKGGCRSYVKDG	STREME-1	3.7e-032	chr6:90393214-90393797	19.69	tp	0
1-CCASYAGRKGGCRSYVKDG	STREME-1	3.7e-032	chr12:3995871-3996129	19.69	tp	0
1-CCASYAGRKGGCRSYVKDG	STREME-1	3.7e-032	chr2:121077006-121077270	19.67	tp	0
1-CCASYAGRKGGCRSYVKDG	STREME-1	3.7e-032	chr2:168119543-168119817	19.65	tp	0
1-CCASYAGRKGGCRSYVKDG	STREME-1	3.7e-032	chr17:18033494-18033814	19.63	tp	1
1-CCASYAGRKGGCRSYVKDG	STREME-1	3.7e-032	chr12:48988139-48988411	19.61	tp	0
1-CCASYAGRKGGCRSYVKDG	STREME-1	3.7e-032	chr3:115819795-115820270	19.60	tp	0
1-CCASYAGRKGGCRSYVKDG	STREME-1	3.7e-032	chr3:188954620-188954925	19.60	tp	0
1-CCASYAGRKGGCRSYVKDG	STREME-1	3.7e-032	chr17:47889905-47890248	19.60	tp	0
1-CCASYAGRKGGCRSYVKDG	STREME-1	3.7e-032	chr13:79679266-79679607	19.59	tp	0
1-CCASYAGRKGGCRSYVKDG	STREME-1	3.7e-032	chr12:66107309-66107901	19.58	tp	0
1-CCASYAGRKGGCRSYVKDG	STREME-1	3.7e-032	chr1:176559898-176560161	19.55	tp	0
1-CCASYAGRKGGCRSYVKDG	STREME-1	3.7e-032	chr10:23068231-23068472	19.54	tp	1
1-CCASYAGRKGGCRSYVKDG	STREME-1	3.7e-032	chr8:65562057-65562356	19.48	tp	0
1-CCASYAGRKGGCRSYVKDG	STREME-1	3.7e-032	chr5:53095917-53096272	19.48	tp	0
1-CCASYAGRKGGCRSYVKDG	STREME-1	3.7e-032	chr11:36266103-36266338	19.47	tp	0
1-CCASYAGRKGGCRSYVKDG	STREME-1	3.7e-032	chr20:14055194-14055450	19.44	tp	0
1-CCASYAGRKGGCRSYVKDG	STREME-1	3.7e-032	chr3:54853805-54854170	19.43	tp	0
1-CCASYAGRKGGCRSYVKDG	STREME-1	3.7e-032	chr20:5205395-5205720	19.42	tp	0
1-CCASYAGRKGGCRSYVKDG	STREME-1	3.7e-032	chr8:139023156-139023499	19.41	tp	0
1-CCASYAGRKGGCRSYVKDG	STREME-1	3.7e-032	chr1:203504555-203505140	19.40	tp	0
1-CCASYAGRKGGCRSYVKDG	STREME-1	3.7e-032	chr21:25881865-25882116	19.37	tp	0
1-CCASYAGRKGGCRSYVKDG	STREME-1	3.7e-032	chr1:176881033-176881398	19.36	tp	0
1-CCASYAGRKGGCRSYVKDG	STREME-1	3.7e-032	chr11:17979822-17980069	19.32	tp	0
1-CCASYAGRKGGCRSYVKDG	STREME-1	3.7e-032	chr1:41417060-41417430	19.31	tp	0
1-CCASYAGRKGGCRSYVKDG	STREME-1	3.7e-032	chr5:157761879-157762442	19.30	tp	0
1-CCASYAGRKGGCRSYVKDG	STREME-1	3.7e-032	chr9:114738707-114739348	19.30	tp	0
1-CCASYAGRKGGCRSYVKDG	STREME-1	3.7e-032	chr3:192444518-192444829	19.29	tp	0
1-CCASYAGRKGGCRSYVKDG	STREME-1	3.7e-032	chr18:23515889-23516309	19.29	tp	0
1-CCASYAGRKGGCRSYVKDG	STREME-1	3.7e-032	chr10:118423839-118424169	19.29	tp	0
1-CCASYAGRKGGCRSYVKDG	STREME-1	3.7e-032	chr15:33292783-33293014	19.23	tp	0
1-CCASYAGRKGGCRSYVKDG	STREME-1	3.7e-032	chr12:119413234-119413485	19.22	tp	0
1-CCASYAGRKGGCRSYVKDG	STREME-1	3.7e-032	chrX:134484119-134484328	19.21	tp	1
1-CCASYAGRKGGCRSYVKDG	STREME-1	3.7e-032	chr4:24488587-24489144	19.19	tp	0
1-CCASYAGRKGGCRSYVKDG	STREME-1	3.7e-032	chr7:144027062-144027409	19.18	tp	0
1-CCASYAGRKGGCRSYVKDG	STREME-1	3.7e-032	chr13:99442329-99442603	19.17	tp	0
1-CCASYAGRKGGCRSYVKDG	STREME-1	3.7e-032	chr5:138503810-138504061	19.15	tp	0
1-CCASYAGRKGGCRSYVKDG	STREME-1	3.7e-032	chr16:85303363-85303591	19.12	tp	0
1-CCASYAGRKGGCRSYVKDG	STREME-1	3.7e-032	chr9:100595655-100595924	19.11	tp	0
1-CCASYAGRKGGCRSYVKDG	STREME-1	3.7e-032	chr13:75687253-75687478	19.11	tp	0
1-CCASYAGRKGGCRSYVKDG	STREME-1	3.7e-032	chr1:39653531-39653956	19.08	tp	0
1-CCASYAGRKGGCRSYVKDG	STREME-1	3.7e-032	chr6:72412197-72412559	19.08	tp	0
1-CCASYAGRKGGCRSYVKDG	STREME-1	3.7e-032	chr10:93289026-93289418	19.08	tp	0
1-CCASYAGRKGGCRSYVKDG	STREME-1	3.7e-032	chr12:106224159-106224433	19.08	tp	0
1-CCASYAGRKGGCRSYVKDG	STREME-1	3.7e-032	chr7:33932846-33933203	19.06	tp	0
1-CCASYAGRKGGCRSYVKDG	STREME-1	3.7e-032	chr14:70027860-70028126	19.05	tp	0
1-CCASYAGRKGGCRSYVKDG	STREME-1	3.7e-032	chr12:94603518-94603759	19.04	tp	0
1-CCASYAGRKGGCRSYVKDG	STREME-1	3.7e-032	chr5:15003446-15003844	19.02	tp	0
1-CCASYAGRKGGCRSYVKDG	STREME-1	3.7e-032	chr8:109735269-109735605	18.99	tp	0
1-CCASYAGRKGGCRSYVKDG	STREME-1	3.7e-032	chr11:131688017-131688303	18.99	tp	0
1-CCASYAGRKGGCRSYVKDG	STREME-1	3.7e-032	chr17:2848727-2849145	18.99	tp	0
1-CCASYAGRKGGCRSYVKDG	STREME-1	3.7e-032	chr1:151594224-151594486	18.98	tp	0
1-CCASYAGRKGGCRSYVKDG	STREME-1	3.7e-032	chr1:205977461-205977706	18.97	tp	0
1-CCASYAGRKGGCRSYVKDG	STREME-1	3.7e-032	chr6:148166400-148166695	18.97	tp	0
1-CCASYAGRKGGCRSYVKDG	STREME-1	3.7e-032	chr13:99176460-99177115	18.96	tp	0
1-CCASYAGRKGGCRSYVKDG	STREME-1	3.7e-032	chr11:64148712-64148937	18.95	tp	0
1-CCASYAGRKGGCRSYVKDG	STREME-1	3.7e-032	chr12:3135472-3135790	18.95	tp	0
1-CCASYAGRKGGCRSYVKDG	STREME-1	3.7e-032	chr6:54717924-54718150	18.94	tp	0
1-CCASYAGRKGGCRSYVKDG	STREME-1	3.7e-032	chr7:8418730-8418991	18.94	tp	1
1-CCASYAGRKGGCRSYVKDG	STREME-1	3.7e-032	chr4:17636685-17637222	18.90	tp	0
1-CCASYAGRKGGCRSYVKDG	STREME-1	3.7e-032	chr7:134016723-134016966	18.89	tp	0
1-CCASYAGRKGGCRSYVKDG	STREME-1	3.7e-032	chrX:41781562-41781842	18.89	tp	0
1-CCASYAGRKGGCRSYVKDG	STREME-1	3.7e-032	chr2:238785063-238785300	18.88	tp	0
1-CCASYAGRKGGCRSYVKDG	STREME-1	3.7e-032	chr8:36773665-36773941	18.86	tp	0
1-CCASYAGRKGGCRSYVKDG	STREME-1	3.7e-032	chr10:99560583-99560822	18.85	tp	0
1-CCASYAGRKGGCRSYVKDG	STREME-1	3.7e-032	chr16:49350479-49350816	18.85	tp	0
1-CCASYAGRKGGCRSYVKDG	STREME-1	3.7e-032	chr11:130861976-130862328	18.83	tp	0
1-CCASYAGRKGGCRSYVKDG	STREME-1	3.7e-032	chr22:41533293-41533536	18.82	tp	0
1-CCASYAGRKGGCRSYVKDG	STREME-1	3.7e-032	chr8:79684593-79684933	18.82	tp	0
1-CCASYAGRKGGCRSYVKDG	STREME-1	3.7e-032	chr13:99656171-99656450	18.81	tp	0
1-CCASYAGRKGGCRSYVKDG	STREME-1	3.7e-032	chr14:69818709-69819059	18.81	tp	0
1-CCASYAGRKGGCRSYVKDG	STREME-1	3.7e-032	chr9:105415456-105415693	18.80	tp	0
1-CCASYAGRKGGCRSYVKDG	STREME-1	3.7e-032	chr2:46062986-46063281	18.78	tp	0
1-CCASYAGRKGGCRSYVKDG	STREME-1	3.7e-032	chr11:83819993-83820272	18.78	tp	0
1-CCASYAGRKGGCRSYVKDG	STREME-1	3.7e-032	chr15:101015179-101015571	18.77	tp	0
1-CCASYAGRKGGCRSYVKDG	STREME-1	3.7e-032	chr12:99043394-99043649	18.77	tp	1
1-CCASYAGRKGGCRSYVKDG	STREME-1	3.7e-032	chr11:4182116-4182435	18.76	tp	0
1-CCASYAGRKGGCRSYVKDG	STREME-1	3.7e-032	chr9:18442696-18442939	18.75	tp	0
1-CCASYAGRKGGCRSYVKDG	STREME-1	3.7e-032	chr3:184543984-184544298	18.75	tp	1
1-CCASYAGRKGGCRSYVKDG	STREME-1	3.7e-032	chr1:6889940-6890211	18.74	tp	0
1-CCASYAGRKGGCRSYVKDG	STREME-1	3.7e-032	chr16:67816407-67816939	18.71	tp	0
1-CCASYAGRKGGCRSYVKDG	STREME-1	3.7e-032	chr3:151168326-151168619	18.71	tp	0
1-CCASYAGRKGGCRSYVKDG	STREME-1	3.7e-032	chr7:27689599-27689864	18.69	tp	0
1-CCASYAGRKGGCRSYVKDG	STREME-1	3.7e-032	chr8:19779572-19779811	18.69	tp	0
1-CCASYAGRKGGCRSYVKDG	STREME-1	3.7e-032	chr5:91101675-91102242	18.69	tp	0
1-CCASYAGRKGGCRSYVKDG	STREME-1	3.7e-032	chr10:78047264-78047725	18.66	tp	0
1-CCASYAGRKGGCRSYVKDG	STREME-1	3.7e-032	chr13:45281086-45281376	18.66	tp	0
1-CCASYAGRKGGCRSYVKDG	STREME-1	3.7e-032	chr15:74768881-74769145	18.63	tp	0
1-CCASYAGRKGGCRSYVKDG	STREME-1	3.7e-032	chr2:212686297-212686757	18.63	tp	0
1-CCASYAGRKGGCRSYVKDG	STREME-1	3.7e-032	chr8:107813498-107813777	18.60	tp	0
1-CCASYAGRKGGCRSYVKDG	STREME-1	3.7e-032	chr1:89804677-89805079	18.56	tp	1
1-CCASYAGRKGGCRSYVKDG	STREME-1	3.7e-032	chr10:97072894-97073145	18.53	tp	0
1-CCASYAGRKGGCRSYVKDG	STREME-1	3.7e-032	chr3:51719164-51719501	18.52	tp	0
1-CCASYAGRKGGCRSYVKDG	STREME-1	3.7e-032	chr5:134039447-134040017	18.52	tp	0
1-CCASYAGRKGGCRSYVKDG	STREME-1	3.7e-032	chr2:182784753-182785030	18.51	tp	0
1-CCASYAGRKGGCRSYVKDG	STREME-1	3.7e-032	chr1:108125411-108126014	18.50	tp	0
1-CCASYAGRKGGCRSYVKDG	STREME-1	3.7e-032	chr20:16475958-16476272	18.49	tp	0
1-CCASYAGRKGGCRSYVKDG	STREME-1	3.7e-032	chr22:42780112-42780502	18.49	tp	1
1-CCASYAGRKGGCRSYVKDG	STREME-1	3.7e-032	chr16:29848494-29848875	18.48	tp	0
1-CCASYAGRKGGCRSYVKDG	STREME-1	3.7e-032	chr12:27940816-27941104	18.45	tp	1
1-CCASYAGRKGGCRSYVKDG	STREME-1	3.7e-032	chr4:106898705-106898926	18.44	tp	0
1-CCASYAGRKGGCRSYVKDG	STREME-1	3.7e-032	chr2:157777513-157777742	18.44	tp	0
1-CCASYAGRKGGCRSYVKDG	STREME-1	3.7e-032	chr4:71713653-71713945	18.42	tp	0
1-CCASYAGRKGGCRSYVKDG	STREME-1	3.7e-032	chr1:209569514-209569763	18.40	tp	1
1-CCASYAGRKGGCRSYVKDG	STREME-1	3.7e-032	chr2:99559136-99559441	18.40	tp	0
1-CCASYAGRKGGCRSYVKDG	STREME-1	3.7e-032	chr20:54649500-54649790	18.38	tp	0
1-CCASYAGRKGGCRSYVKDG	STREME-1	3.7e-032	chr8:70745399-70746037	18.38	tp	0
1-CCASYAGRKGGCRSYVKDG	STREME-1	3.7e-032	chr6:82270846-82271183	18.38	tp	0
1-CCASYAGRKGGCRSYVKDG	STREME-1	3.7e-032	chr10:49407532-49407909	18.37	tp	0
1-CCASYAGRKGGCRSYVKDG	STREME-1	3.7e-032	chr8:131804087-131804668	18.37	tp	0
1-CCASYAGRKGGCRSYVKDG	STREME-1	3.7e-032	chr4:147866743-147867170	18.37	tp	0
1-CCASYAGRKGGCRSYVKDG	STREME-1	3.7e-032	chr17:77331304-77331866	18.36	tp	0
1-CCASYAGRKGGCRSYVKDG	STREME-1	3.7e-032	chr3:139329228-139329737	18.36	tp	0
1-CCASYAGRKGGCRSYVKDG	STREME-1	3.7e-032	chr4:77959657-77959930	18.35	tp	1
1-CCASYAGRKGGCRSYVKDG	STREME-1	3.7e-032	chr2:37890921-37891252	18.32	tp	0
1-CCASYAGRKGGCRSYVKDG	STREME-1	3.7e-032	chr2:84314696-84315299	18.32	tp	0
1-CCASYAGRKGGCRSYVKDG	STREME-1	3.7e-032	chr4:122716902-122717161	18.31	tp	0
1-CCASYAGRKGGCRSYVKDG	STREME-1	3.7e-032	chrX:151151567-151152166	18.31	tp	0
1-CCASYAGRKGGCRSYVKDG	STREME-1	3.7e-032	chr1:44595047-44595540	18.27	tp	1
1-CCASYAGRKGGCRSYVKDG	STREME-1	3.7e-032	chr10:89029703-89030299	18.26	tp	0
1-CCASYAGRKGGCRSYVKDG	STREME-1	3.7e-032	chr2:46010946-46011159	18.26	tp	0
1-CCASYAGRKGGCRSYVKDG	STREME-1	3.7e-032	chr15:52735404-52735877	18.24	tp	0
1-CCASYAGRKGGCRSYVKDG	STREME-1	3.7e-032	chr14:36373914-36374475	18.23	tp	0
1-CCASYAGRKGGCRSYVKDG	STREME-1	3.7e-032	chr9:75200944-75201230	18.23	tp	0
1-CCASYAGRKGGCRSYVKDG	STREME-1	3.7e-032	chr2:112884948-112885242	18.23	tp	0
1-CCASYAGRKGGCRSYVKDG	STREME-1	3.7e-032	chr3:25593957-25594378	18.20	tp	1
1-CCASYAGRKGGCRSYVKDG	STREME-1	3.7e-032	chr6:129751914-129752177	18.19	tp	0
1-CCASYAGRKGGCRSYVKDG	STREME-1	3.7e-032	chr3:53938725-53938947	18.17	tp	0
1-CCASYAGRKGGCRSYVKDG	STREME-1	3.7e-032	chr7:151759604-151759842	18.16	tp	0
1-CCASYAGRKGGCRSYVKDG	STREME-1	3.7e-032	chr19:12983480-12983917	18.16	fp	0
1-CCASYAGRKGGCRSYVKDG	STREME-1	3.7e-032	chr17:78250838-78251299	18.15	tp	0
1-CCASYAGRKGGCRSYVKDG	STREME-1	3.7e-032	chr10:79929460-79929717	18.12	tp	0
1-CCASYAGRKGGCRSYVKDG	STREME-1	3.7e-032	chr8:96180148-96180466	18.11	tp	0
1-CCASYAGRKGGCRSYVKDG	STREME-1	3.7e-032	chr10:117496399-117497044	18.11	tp	0
1-CCASYAGRKGGCRSYVKDG	STREME-1	3.7e-032	chr4:85147412-85147922	18.11	tp	0
1-CCASYAGRKGGCRSYVKDG	STREME-1	3.7e-032	chr1:178532366-178532597	18.10	tp	0
1-CCASYAGRKGGCRSYVKDG	STREME-1	3.7e-032	chr1:92310175-92310397	18.10	tp	0
1-CCASYAGRKGGCRSYVKDG	STREME-1	3.7e-032	chr13:48749732-48750124	18.07	tp	0
1-CCASYAGRKGGCRSYVKDG	STREME-1	3.7e-032	chr11:62905982-62906289	18.04	tp	0
1-CCASYAGRKGGCRSYVKDG	STREME-1	3.7e-032	chr10:24196497-24196803	18.04	tp	0
1-CCASYAGRKGGCRSYVKDG	STREME-1	3.7e-032	chr4:99808321-99808590	18.02	tp	0
1-CCASYAGRKGGCRSYVKDG	STREME-1	3.7e-032	chr9:126558086-126558344	18.02	tp	0
1-CCASYAGRKGGCRSYVKDG	STREME-1	3.7e-032	chr4:85747920-85748281	18.01	tp	1
1-CCASYAGRKGGCRSYVKDG	STREME-1	3.7e-032	chr6:1397020-1397270	18.00	tp	0
1-CCASYAGRKGGCRSYVKDG	STREME-1	3.7e-032	chr1:165367450-165367727	18.00	tp	0
1-CCASYAGRKGGCRSYVKDG	STREME-1	3.7e-032	chr20:43449030-43449271	17.99	tp	0
1-CCASYAGRKGGCRSYVKDG	STREME-1	3.7e-032	chr3:196609206-196609742	17.97	tp	0
1-CCASYAGRKGGCRSYVKDG	STREME-1	3.7e-032	chr13:43804538-43804782	17.97	tp	0
1-CCASYAGRKGGCRSYVKDG	STREME-1	3.7e-032	chr5:139633341-139633576	17.96	tp	0
1-CCASYAGRKGGCRSYVKDG	STREME-1	3.7e-032	chr1:43227194-43227648	17.95	tp	0
1-CCASYAGRKGGCRSYVKDG	STREME-1	3.7e-032	chr4:83639818-83640298	17.94	tp	0
1-CCASYAGRKGGCRSYVKDG	STREME-1	3.7e-032	chr3:67113777-67114188	17.91	tp	0
1-CCASYAGRKGGCRSYVKDG	STREME-1	3.7e-032	chr6:134822942-134823300	17.91	tp	0
1-CCASYAGRKGGCRSYVKDG	STREME-1	3.7e-032	chr13:49652750-49653004	17.90	tp	0
1-CCASYAGRKGGCRSYVKDG	STREME-1	3.7e-032	chr2:210248719-210249043	17.88	tp	0
1-CCASYAGRKGGCRSYVKDG	STREME-1	3.7e-032	chr2:36785241-36785514	17.87	tp	0
1-CCASYAGRKGGCRSYVKDG	STREME-1	3.7e-032	chr2:70341230-70341507	17.86	tp	0
1-CCASYAGRKGGCRSYVKDG	STREME-1	3.7e-032	chr1:38835269-38835562	17.86	tp	0
1-CCASYAGRKGGCRSYVKDG	STREME-1	3.7e-032	chr3:79032750-79033029	17.85	tp	0
1-CCASYAGRKGGCRSYVKDG	STREME-1	3.7e-032	chr9:120619810-120620063	17.84	tp	0
1-CCASYAGRKGGCRSYVKDG	STREME-1	3.7e-032	chr5:88680264-88680877	17.83	tp	0
1-CCASYAGRKGGCRSYVKDG	STREME-1	3.7e-032	chr1:165144822-165145148	17.79	tp	0
1-CCASYAGRKGGCRSYVKDG	STREME-1	3.7e-032	chr6:25265656-25266025	17.78	tp	1
1-CCASYAGRKGGCRSYVKDG	STREME-1	3.7e-032	chr7:129091446-129091865	17.77	tp	0
1-CCASYAGRKGGCRSYVKDG	STREME-1	3.7e-032	chr8:56028823-56029159	17.76	tp	0
1-CCASYAGRKGGCRSYVKDG	STREME-1	3.7e-032	chr8:17117935-17118143	17.74	tp	0
1-CCASYAGRKGGCRSYVKDG	STREME-1	3.7e-032	chr10:89426218-89426669	17.74	tp	1
1-CCASYAGRKGGCRSYVKDG	STREME-1	3.7e-032	chr5:177111959-177112148	17.72	tp	0
1-CCASYAGRKGGCRSYVKDG	STREME-1	3.7e-032	chr21:32940525-32940734	17.71	tp	0
1-CCASYAGRKGGCRSYVKDG	STREME-1	3.7e-032	chr4:121252233-121252549	17.70	tp	0
1-CCASYAGRKGGCRSYVKDG	STREME-1	3.7e-032	chr1:182084883-182085280	17.68	tp	0
1-CCASYAGRKGGCRSYVKDG	STREME-1	3.7e-032	chr1:27197880-27198387	17.67	tp	0
1-CCASYAGRKGGCRSYVKDG	STREME-1	3.7e-032	chr10:91006137-91006792	17.67	tp	0
1-CCASYAGRKGGCRSYVKDG	STREME-1	3.7e-032	chr5:142655687-142656049	17.67	tp	0
1-CCASYAGRKGGCRSYVKDG	STREME-1	3.7e-032	chr7:93055676-93055936	17.66	tp	0
1-CCASYAGRKGGCRSYVKDG	STREME-1	3.7e-032	chr18:864843-865149	17.66	tp	0
1-CCASYAGRKGGCRSYVKDG	STREME-1	3.7e-032	chr2:43609381-43609652	17.64	tp	0
1-CCASYAGRKGGCRSYVKDG	STREME-1	3.7e-032	chr6:99746241-99746715	17.63	tp	0
1-CCASYAGRKGGCRSYVKDG	STREME-1	3.7e-032	chr1:171984948-171985190	17.61	tp	0
1-CCASYAGRKGGCRSYVKDG	STREME-1	3.7e-032	chr11:86041922-86042260	17.61	tp	0
1-CCASYAGRKGGCRSYVKDG	STREME-1	3.7e-032	chr12:101414606-101414863	17.58	tp	1
1-CCASYAGRKGGCRSYVKDG	STREME-1	3.7e-032	chr2:41853655-41853991	17.57	tp	0
1-CCASYAGRKGGCRSYVKDG	STREME-1	3.7e-032	chr5:180471042-180471280	17.56	tp	0
1-CCASYAGRKGGCRSYVKDG	STREME-1	3.7e-032	chr15:101006969-101007282	17.56	tp	0
1-CCASYAGRKGGCRSYVKDG	STREME-1	3.7e-032	chr16:55712141-55712746	17.56	tp	0
1-CCASYAGRKGGCRSYVKDG	STREME-1	3.7e-032	chr14:75488847-75489077	17.55	tp	0
1-CCASYAGRKGGCRSYVKDG	STREME-1	3.7e-032	chr3:118882430-118882682	17.54	tp	0
1-CCASYAGRKGGCRSYVKDG	STREME-1	3.7e-032	chr10:69093342-69093668	17.53	tp	0
1-CCASYAGRKGGCRSYVKDG	STREME-1	3.7e-032	chr9:94681437-94681825	17.51	tp	0
1-CCASYAGRKGGCRSYVKDG	STREME-1	3.7e-032	chr20:10536279-10536940	17.50	tp	0
1-CCASYAGRKGGCRSYVKDG	STREME-1	3.7e-032	chr11:73625739-73626026	17.49	tp	0
1-CCASYAGRKGGCRSYVKDG	STREME-1	3.7e-032	chr12:98373044-98373327	17.49	tp	0
1-CCASYAGRKGGCRSYVKDG	STREME-1	3.7e-032	chr16:22077741-22078104	17.46	tp	0
1-CCASYAGRKGGCRSYVKDG	STREME-1	3.7e-032	chr10:80444600-80445161	17.46	tp	0
1-CCASYAGRKGGCRSYVKDG	STREME-1	3.7e-032	chr5:83608201-83608475	17.46	tp	0
1-CCASYAGRKGGCRSYVKDG	STREME-1	3.7e-032	chr1:112390823-112391166	17.45	tp	0
1-CCASYAGRKGGCRSYVKDG	STREME-1	3.7e-032	chr7:34091399-34091635	17.45	tp	0
1-CCASYAGRKGGCRSYVKDG	STREME-1	3.7e-032	chr10:126749095-126749358	17.43	tp	0
1-CCASYAGRKGGCRSYVKDG	STREME-1	3.7e-032	chr10:21078522-21079175	17.43	tp	0
1-CCASYAGRKGGCRSYVKDG	STREME-1	3.7e-032	chr2:127050166-127050456	17.42	tp	0
1-CCASYAGRKGGCRSYVKDG	STREME-1	3.7e-032	chr22:45645322-45646228	17.42	tp	0
1-CCASYAGRKGGCRSYVKDG	STREME-1	3.7e-032	chr19:33771585-33771897	17.40	tp	0
1-CCASYAGRKGGCRSYVKDG	STREME-1	3.7e-032	chr9:126781670-126782241	17.39	tp	0
1-CCASYAGRKGGCRSYVKDG	STREME-1	3.7e-032	chr6:150815153-150815467	17.39	tp	0
1-CCASYAGRKGGCRSYVKDG	STREME-1	3.7e-032	chr12:100668858-100669360	17.39	tp	1
1-CCASYAGRKGGCRSYVKDG	STREME-1	3.7e-032	chr10:61733395-61733620	17.38	tp	0
1-CCASYAGRKGGCRSYVKDG	STREME-1	3.7e-032	chr6:154675581-154675964	17.37	tp	0
1-CCASYAGRKGGCRSYVKDG	STREME-1	3.7e-032	chr15:61835505-61835787	17.36	tp	0
1-CCASYAGRKGGCRSYVKDG	STREME-1	3.7e-032	chr1:39658109-39658352	17.36	tp	0
1-CCASYAGRKGGCRSYVKDG	STREME-1	3.7e-032	chr13:35164329-35164741	17.36	tp	0
1-CCASYAGRKGGCRSYVKDG	STREME-1	3.7e-032	chr1:6634480-6635017	17.35	tp	0
1-CCASYAGRKGGCRSYVKDG	STREME-1	3.7e-032	chrX:80578580-80578822	17.34	tp	0
1-CCASYAGRKGGCRSYVKDG	STREME-1	3.7e-032	chr12:106226879-106227151	17.34	tp	0
1-CCASYAGRKGGCRSYVKDG	STREME-1	3.7e-032	chr17:55356771-55357045	17.33	tp	0
1-CCASYAGRKGGCRSYVKDG	STREME-1	3.7e-032	chr14:72904843-72905431	17.32	tp	0
1-CCASYAGRKGGCRSYVKDG	STREME-1	3.7e-032	chr3:129825036-129825268	17.31	tp	0
1-CCASYAGRKGGCRSYVKDG	STREME-1	3.7e-032	chr3:146590005-146590216	17.30	tp	0
1-CCASYAGRKGGCRSYVKDG	STREME-1	3.7e-032	chr18:47749118-47749663	17.29	tp	0
1-CCASYAGRKGGCRSYVKDG	STREME-1	3.7e-032	chr4:38062000-38062475	17.29	tp	0
1-CCASYAGRKGGCRSYVKDG	STREME-1	3.7e-032	chr2:229133107-229133532	17.28	tp	0
1-CCASYAGRKGGCRSYVKDG	STREME-1	3.7e-032	chr2:71000949-71001697	17.28	tp	0
1-CCASYAGRKGGCRSYVKDG	STREME-1	3.7e-032	chr3:50435943-50436539	17.28	tp	0
1-CCASYAGRKGGCRSYVKDG	STREME-1	3.7e-032	chr6:144482159-144482435	17.27	tp	0
1-CCASYAGRKGGCRSYVKDG	STREME-1	3.7e-032	chrX:78555451-78555700	17.27	tp	0
1-CCASYAGRKGGCRSYVKDG	STREME-1	3.7e-032	chr17:72540253-72540745	17.26	tp	0
1-CCASYAGRKGGCRSYVKDG	STREME-1	3.7e-032	chr20:8722372-8722639	17.25	tp	0
1-CCASYAGRKGGCRSYVKDG	STREME-1	3.7e-032	chr2:176454982-176455267	17.24	tp	1
1-CCASYAGRKGGCRSYVKDG	STREME-1	3.7e-032	chr10:95374668-95374974	17.21	tp	0
1-CCASYAGRKGGCRSYVKDG	STREME-1	3.7e-032	chr12:46303034-46303400	17.21	tp	0
1-CCASYAGRKGGCRSYVKDG	STREME-1	3.7e-032	chr3:56988865-56989217	17.20	tp	1
1-CCASYAGRKGGCRSYVKDG	STREME-1	3.7e-032	chr1:46477465-46477762	17.19	tp	0
1-CCASYAGRKGGCRSYVKDG	STREME-1	3.7e-032	chrX:38175189-38175471	17.19	tp	0
1-CCASYAGRKGGCRSYVKDG	STREME-1	3.7e-032	chr17:79401129-79401563	17.19	tp	0
1-CCASYAGRKGGCRSYVKDG	STREME-1	3.7e-032	chr2:199739837-199740127	17.19	tp	0
1-CCASYAGRKGGCRSYVKDG	STREME-1	3.7e-032	chr3:152574506-152574766	17.18	tp	1
1-CCASYAGRKGGCRSYVKDG	STREME-1	3.7e-032	chr8:73504496-73504764	17.18	tp	0
1-CCASYAGRKGGCRSYVKDG	STREME-1	3.7e-032	chr6:37210455-37210795	17.18	tp	0
1-CCASYAGRKGGCRSYVKDG	STREME-1	3.7e-032	chr1:167803230-167803803	17.15	tp	0
1-CCASYAGRKGGCRSYVKDG	STREME-1	3.7e-032	chr6:133973462-133973717	17.14	tp	0
1-CCASYAGRKGGCRSYVKDG	STREME-1	3.7e-032	chr9:113657834-113658466	17.13	tp	0
1-CCASYAGRKGGCRSYVKDG	STREME-1	3.7e-032	chr17:32783629-32783846	17.12	tp	0
1-CCASYAGRKGGCRSYVKDG	STREME-1	3.7e-032	chr20:44685244-44685510	17.11	tp	0
1-CCASYAGRKGGCRSYVKDG	STREME-1	3.7e-032	chr10:80260583-80261006	17.10	tp	0
1-CCASYAGRKGGCRSYVKDG	STREME-1	3.7e-032	chr2:205775984-205776487	17.10	tp	0
1-CCASYAGRKGGCRSYVKDG	STREME-1	3.7e-032	chr4:107183141-107183590	17.09	tp	0
1-CCASYAGRKGGCRSYVKDG	STREME-1	3.7e-032	chr12:45130834-45131161	17.09	tp	0
1-CCASYAGRKGGCRSYVKDG	STREME-1	3.7e-032	chr11:108655060-108655333	17.09	tp	0
1-CCASYAGRKGGCRSYVKDG	STREME-1	3.7e-032	chr2:72859798-72860073	17.08	tp	0
1-CCASYAGRKGGCRSYVKDG	STREME-1	3.7e-032	chr1:110496050-110496384	17.08	tp	0
1-CCASYAGRKGGCRSYVKDG	STREME-1	3.7e-032	chr2:218301188-218301762	17.08	tp	0
1-CCASYAGRKGGCRSYVKDG	STREME-1	3.7e-032	chr6:133512505-133512736	17.06	tp	0
1-CCASYAGRKGGCRSYVKDG	STREME-1	3.7e-032	chr16:19389136-19389548	17.05	tp	0
1-CCASYAGRKGGCRSYVKDG	STREME-1	3.7e-032	chr3:111668989-111669259	17.04	tp	0
1-CCASYAGRKGGCRSYVKDG	STREME-1	3.7e-032	chr4:113278387-113278644	17.04	tp	0
1-CCASYAGRKGGCRSYVKDG	STREME-1	3.7e-032	chr3:71006867-71007146	17.03	tp	0
1-CCASYAGRKGGCRSYVKDG	STREME-1	3.7e-032	chr5:31809082-31809454	17.03	tp	1
1-CCASYAGRKGGCRSYVKDG	STREME-1	3.7e-032	chr12:91381951-91382478	17.01	tp	0
1-CCASYAGRKGGCRSYVKDG	STREME-1	3.7e-032	chr8:40034018-40034312	17.01	tp	0
1-CCASYAGRKGGCRSYVKDG	STREME-1	3.7e-032	chr10:15209898-15210179	17.00	tp	0
1-CCASYAGRKGGCRSYVKDG	STREME-1	3.7e-032	chr21:17387082-17387366	17.00	tp	0
1-CCASYAGRKGGCRSYVKDG	STREME-1	3.7e-032	chr1:147642062-147642305	17.00	tp	0
1-CCASYAGRKGGCRSYVKDG	STREME-1	3.7e-032	chr7:80392339-80392561	17.00	tp	1
1-CCASYAGRKGGCRSYVKDG	STREME-1	3.7e-032	chr4:114694865-114695105	16.93	tp	0
1-CCASYAGRKGGCRSYVKDG	STREME-1	3.7e-032	chr22:45553600-45554331	16.92	tp	0
1-CCASYAGRKGGCRSYVKDG	STREME-1	3.7e-032	chr3:42547474-42547770	16.91	tp	0
1-CCASYAGRKGGCRSYVKDG	STREME-1	3.7e-032	chr20:47272876-47273132	16.90	tp	0
1-CCASYAGRKGGCRSYVKDG	STREME-1	3.7e-032	chr17:51764408-51764765	16.90	tp	0
1-CCASYAGRKGGCRSYVKDG	STREME-1	3.7e-032	chr8:23692586-23692999	16.88	tp	0
1-CCASYAGRKGGCRSYVKDG	STREME-1	3.7e-032	chr6:55276809-55277078	16.88	tp	1
1-CCASYAGRKGGCRSYVKDG	STREME-1	3.7e-032	chr5:170434888-170435508	16.86	tp	0
1-CCASYAGRKGGCRSYVKDG	STREME-1	3.7e-032	chr8:12840637-12841109	16.84	tp	0
1-CCASYAGRKGGCRSYVKDG	STREME-1	3.7e-032	chr2:72770942-72771192	16.83	tp	1
1-CCASYAGRKGGCRSYVKDG	STREME-1	3.7e-032	chr6:4155867-4156333	16.83	tp	0
1-CCASYAGRKGGCRSYVKDG	STREME-1	3.7e-032	chr20:8721134-8721415	16.82	tp	0
1-CCASYAGRKGGCRSYVKDG	STREME-1	3.7e-032	chr7:140517845-140518366	16.82	tp	0
1-CCASYAGRKGGCRSYVKDG	STREME-1	3.7e-032	chr8:102814655-102814935	16.81	tp	0
1-CCASYAGRKGGCRSYVKDG	STREME-1	3.7e-032	chr12:5022500-5022826	16.80	tp	0
1-CCASYAGRKGGCRSYVKDG	STREME-1	3.7e-032	chr18:70454775-70455012	16.80	tp	0
1-CCASYAGRKGGCRSYVKDG	STREME-1	3.7e-032	chr5:180784552-180784810	16.80	tp	0
1-CCASYAGRKGGCRSYVKDG	STREME-1	3.7e-032	chr10:104045503-104045764	16.79	tp	0
1-CCASYAGRKGGCRSYVKDG	STREME-1	3.7e-032	chr6:155327381-155327977	16.78	tp	0
1-CCASYAGRKGGCRSYVKDG	STREME-1	3.7e-032	chr3:176939022-176939365	16.78	tp	0
1-CCASYAGRKGGCRSYVKDG	STREME-1	3.7e-032	chr11:46537873-46538162	16.76	tp	0
1-CCASYAGRKGGCRSYVKDG	STREME-1	3.7e-032	chr20:6828708-6829295	16.75	tp	0
1-CCASYAGRKGGCRSYVKDG	STREME-1	3.7e-032	chr18:13557973-13558563	16.74	tp	0
1-CCASYAGRKGGCRSYVKDG	STREME-1	3.7e-032	chr14:25150976-25151218	16.73	tp	0
1-CCASYAGRKGGCRSYVKDG	STREME-1	3.7e-032	chr7:122528988-122529193	16.71	tp	0
1-CCASYAGRKGGCRSYVKDG	STREME-1	3.7e-032	chr4:103091571-103091994	16.69	tp	0
1-CCASYAGRKGGCRSYVKDG	STREME-1	3.7e-032	chr6:157873773-157874039	16.68	tp	1
1-CCASYAGRKGGCRSYVKDG	STREME-1	3.7e-032	chr18:72762577-72762870	16.66	tp	0
1-CCASYAGRKGGCRSYVKDG	STREME-1	3.7e-032	chr6:34986730-34987101	16.65	tp	0
1-CCASYAGRKGGCRSYVKDG	STREME-1	3.7e-032	chr14:95432239-95432520	16.64	tp	0
1-CCASYAGRKGGCRSYVKDG	STREME-1	3.7e-032	chr16:9160178-9160447	16.64	tp	0
1-CCASYAGRKGGCRSYVKDG	STREME-1	3.7e-032	chr14:44803306-44803607	16.64	tp	0
1-CCASYAGRKGGCRSYVKDG	STREME-1	3.7e-032	chr20:9393193-9393681	16.63	tp	0
1-CCASYAGRKGGCRSYVKDG	STREME-1	3.7e-032	chr10:113385057-113385615	16.63	tp	0
1-CCASYAGRKGGCRSYVKDG	STREME-1	3.7e-032	chr3:136391708-136391934	16.62	tp	0
1-CCASYAGRKGGCRSYVKDG	STREME-1	3.7e-032	chr5:127564226-127564490	16.61	tp	0
1-CCASYAGRKGGCRSYVKDG	STREME-1	3.7e-032	chr8:8989332-8989632	16.61	tp	0
1-CCASYAGRKGGCRSYVKDG	STREME-1	3.7e-032	chr15:76150990-76151272	16.60	tp	0
1-CCASYAGRKGGCRSYVKDG	STREME-1	3.7e-032	chr3:141192195-141192703	16.59	tp	0
1-CCASYAGRKGGCRSYVKDG	STREME-1	3.7e-032	chr6:1604160-1604949	16.59	tp	0
1-CCASYAGRKGGCRSYVKDG	STREME-1	3.7e-032	chr4:16264875-16265152	16.57	tp	0
1-CCASYAGRKGGCRSYVKDG	STREME-1	3.7e-032	chr1:165928116-165928417	16.54	tp	0
1-CCASYAGRKGGCRSYVKDG	STREME-1	3.7e-032	chr14:31449860-31450478	16.54	tp	0
1-CCASYAGRKGGCRSYVKDG	STREME-1	3.7e-032	chr13:101127820-101128077	16.51	tp	0
1-CCASYAGRKGGCRSYVKDG	STREME-1	3.7e-032	chr3:88219353-88219620	16.51	tp	0
1-CCASYAGRKGGCRSYVKDG	STREME-1	3.7e-032	chr12:42569299-42569579	16.50	tp	0
1-CCASYAGRKGGCRSYVKDG	STREME-1	3.7e-032	chr3:66938395-66938706	16.48	tp	0
1-CCASYAGRKGGCRSYVKDG	STREME-1	3.7e-032	chr18:8696782-8697082	16.47	tp	0
1-CCASYAGRKGGCRSYVKDG	STREME-1	3.7e-032	chr14:36604706-36605438	16.47	tp	0
1-CCASYAGRKGGCRSYVKDG	STREME-1	3.7e-032	chr2:85827309-85827873	16.45	tp	0
1-CCASYAGRKGGCRSYVKDG	STREME-1	3.7e-032	chr20:19205961-19206310	16.45	tp	0
1-CCASYAGRKGGCRSYVKDG	STREME-1	3.7e-032	chr3:32019101-32019401	16.43	tp	0
1-CCASYAGRKGGCRSYVKDG	STREME-1	3.7e-032	chr8:95248725-95249013	16.43	tp	1
1-CCASYAGRKGGCRSYVKDG	STREME-1	3.7e-032	chr6:44074488-44075031	16.43	tp	1
1-CCASYAGRKGGCRSYVKDG	STREME-1	3.7e-032	chr20:57514120-57514770	16.41	tp	0
1-CCASYAGRKGGCRSYVKDG	STREME-1	3.7e-032	chr11:100932553-100932810	16.41	tp	0
1-CCASYAGRKGGCRSYVKDG	STREME-1	3.7e-032	chr2:190023956-190024220	16.39	tp	0
1-CCASYAGRKGGCRSYVKDG	STREME-1	3.7e-032	chr10:117442733-117443365	16.38	tp	0
1-CCASYAGRKGGCRSYVKDG	STREME-1	3.7e-032	chr7:79282121-79282387	16.37	tp	0
1-CCASYAGRKGGCRSYVKDG	STREME-1	3.7e-032	chr3:126752257-126752553	16.37	tp	0
1-CCASYAGRKGGCRSYVKDG	STREME-1	3.7e-032	chr2:42095936-42096230	16.36	tp	0
1-CCASYAGRKGGCRSYVKDG	STREME-1	3.7e-032	chr22:29245461-29246000	16.32	tp	0
1-CCASYAGRKGGCRSYVKDG	STREME-1	3.7e-032	chr17:40533195-40533769	16.31	tp	0
1-CCASYAGRKGGCRSYVKDG	STREME-1	3.7e-032	chr9:37747163-37747503	16.31	tp	0
1-CCASYAGRKGGCRSYVKDG	STREME-1	3.7e-032	chr2:29196753-29197308	16.31	tp	0
1-CCASYAGRKGGCRSYVKDG	STREME-1	3.7e-032	chr7:86926691-86926970	16.30	tp	0
1-CCASYAGRKGGCRSYVKDG	STREME-1	3.7e-032	chr5:59380451-59380906	16.29	tp	0
1-CCASYAGRKGGCRSYVKDG	STREME-1	3.7e-032	chr1:64137163-64137408	16.28	tp	0
1-CCASYAGRKGGCRSYVKDG	STREME-1	3.7e-032	chr2:62787405-62787655	16.26	tp	0
1-CCASYAGRKGGCRSYVKDG	STREME-1	3.7e-032	chr7:27605803-27606019	16.24	tp	0
1-CCASYAGRKGGCRSYVKDG	STREME-1	3.7e-032	chr11:22875774-22876287	16.24	tp	0
1-CCASYAGRKGGCRSYVKDG	STREME-1	3.7e-032	chr10:69716906-69717288	16.23	tp	0
1-CCASYAGRKGGCRSYVKDG	STREME-1	3.7e-032	chr12:71216980-71217303	16.22	tp	0
1-CCASYAGRKGGCRSYVKDG	STREME-1	3.7e-032	chr9:109817930-109818169	16.22	tp	0
1-CCASYAGRKGGCRSYVKDG	STREME-1	3.7e-032	chr18:58180787-58181041	16.21	tp	1
1-CCASYAGRKGGCRSYVKDG	STREME-1	3.7e-032	chr7:31744197-31744723	16.21	tp	0
1-CCASYAGRKGGCRSYVKDG	STREME-1	3.7e-032	chr1:184075464-184075749	16.18	tp	0
1-CCASYAGRKGGCRSYVKDG	STREME-1	3.7e-032	chr7:29921470-29921754	16.17	tp	1
1-CCASYAGRKGGCRSYVKDG	STREME-1	3.7e-032	chr10:97731794-97732077	16.17	tp	0
1-CCASYAGRKGGCRSYVKDG	STREME-1	3.7e-032	chr3:107206207-107206466	16.16	tp	1
1-CCASYAGRKGGCRSYVKDG	STREME-1	3.7e-032	chr10:129971693-129971989	16.16	tp	0
1-CCASYAGRKGGCRSYVKDG	STREME-1	3.7e-032	chr18:55415234-55415752	16.15	tp	0
1-CCASYAGRKGGCRSYVKDG	STREME-1	3.7e-032	chr15:38354384-38354655	16.15	tp	1
1-CCASYAGRKGGCRSYVKDG	STREME-1	3.7e-032	chr15:98292540-98292758	16.13	tp	0
1-CCASYAGRKGGCRSYVKDG	STREME-1	3.7e-032	chr6:111997134-111997462	16.12	tp	0
1-CCASYAGRKGGCRSYVKDG	STREME-1	3.7e-032	chr11:11028118-11028416	16.10	tp	0
1-CCASYAGRKGGCRSYVKDG	STREME-1	3.7e-032	chr2:179219009-179219350	16.10	tp	0
1-CCASYAGRKGGCRSYVKDG	STREME-1	3.7e-032	chr3:165185623-165186216	16.10	tp	0
1-CCASYAGRKGGCRSYVKDG	STREME-1	3.7e-032	chr7:34675835-34676108	16.09	tp	0
1-CCASYAGRKGGCRSYVKDG	STREME-1	3.7e-032	chr12:53743639-53743904	16.09	tp	0
1-CCASYAGRKGGCRSYVKDG	STREME-1	3.7e-032	chr1:48498562-48498789	16.08	tp	0
1-CCASYAGRKGGCRSYVKDG	STREME-1	3.7e-032	chr17:32253056-32253360	16.05	tp	0
1-CCASYAGRKGGCRSYVKDG	STREME-1	3.7e-032	chr11:46239148-46239497	16.05	tp	0
1-CCASYAGRKGGCRSYVKDG	STREME-1	3.7e-032	chr4:155809829-155810173	16.04	tp	1
1-CCASYAGRKGGCRSYVKDG	STREME-1	3.7e-032	chr17:62968523-62968772	16.01	tp	0
1-CCASYAGRKGGCRSYVKDG	STREME-1	3.7e-032	chr11:119741343-119741756	16.00	fp	0
1-CCASYAGRKGGCRSYVKDG	STREME-1	3.7e-032	chr16:67260644-67261037	15.99	tp	0
1-CCASYAGRKGGCRSYVKDG	STREME-1	3.7e-032	chr13:76980104-76980432	15.99	tp	1
1-CCASYAGRKGGCRSYVKDG	STREME-1	3.7e-032	chr4:183840279-183840580	15.98	tp	0
1-CCASYAGRKGGCRSYVKDG	STREME-1	3.7e-032	chr4:67746812-67747010	15.98	tp	0
1-CCASYAGRKGGCRSYVKDG	STREME-1	3.7e-032	chr2:160324218-160324516	15.98	tp	0
1-CCASYAGRKGGCRSYVKDG	STREME-1	3.7e-032	chr7:25389563-25389808	15.98	tp	0
1-CCASYAGRKGGCRSYVKDG	STREME-1	3.7e-032	chr14:104639885-104640426	15.98	tp	1
1-CCASYAGRKGGCRSYVKDG	STREME-1	3.7e-032	chr3:137105319-137105590	15.98	tp	0
1-CCASYAGRKGGCRSYVKDG	STREME-1	3.7e-032	chr9:120936526-120936879	15.96	tp	0
1-CCASYAGRKGGCRSYVKDG	STREME-1	3.7e-032	chr10:103884728-103884995	15.96	tp	1
1-CCASYAGRKGGCRSYVKDG	STREME-1	3.7e-032	chr1:201085984-201086267	15.95	tp	0
1-CCASYAGRKGGCRSYVKDG	STREME-1	3.7e-032	chr19:12977768-12978324	15.95	tp	0
1-CCASYAGRKGGCRSYVKDG	STREME-1	3.7e-032	chr1:56584988-56585245	15.94	tp	0
1-CCASYAGRKGGCRSYVKDG	STREME-1	3.7e-032	chr13:43905498-43905744	15.93	tp	0
1-CCASYAGRKGGCRSYVKDG	STREME-1	3.7e-032	chr11:95705386-95706012	15.92	tp	0
1-CCASYAGRKGGCRSYVKDG	STREME-1	3.7e-032	chr18:21897744-21898167	15.92	tp	0
1-CCASYAGRKGGCRSYVKDG	STREME-1	3.7e-032	chr15:70825181-70825442	15.92	tp	0
1-CCASYAGRKGGCRSYVKDG	STREME-1	3.7e-032	chr5:68252687-68252994	15.91	tp	1
1-CCASYAGRKGGCRSYVKDG	STREME-1	3.7e-032	chr16:77675717-77676185	15.91	tp	0
1-CCASYAGRKGGCRSYVKDG	STREME-1	3.7e-032	chr16:22099056-22099304	15.90	tp	0
1-CCASYAGRKGGCRSYVKDG	STREME-1	3.7e-032	chr18:37537848-37538284	15.90	tp	0
1-CCASYAGRKGGCRSYVKDG	STREME-1	3.7e-032	chr1:83931739-83931994	15.89	tp	0
1-CCASYAGRKGGCRSYVKDG	STREME-1	3.7e-032	chr17:17641716-17642207	15.89	tp	0
1-CCASYAGRKGGCRSYVKDG	STREME-1	3.7e-032	chr5:34898293-34898608	15.88	tp	0
1-CCASYAGRKGGCRSYVKDG	STREME-1	3.7e-032	chr7:50679297-50679624	15.87	tp	0
1-CCASYAGRKGGCRSYVKDG	STREME-1	3.7e-032	chr1:116485111-116485726	15.86	tp	0
1-CCASYAGRKGGCRSYVKDG	STREME-1	3.7e-032	chr17:40619908-40620381	15.85	tp	0
1-CCASYAGRKGGCRSYVKDG	STREME-1	3.7e-032	chr6:45930357-45930923	15.85	tp	0
1-CCASYAGRKGGCRSYVKDG	STREME-1	3.7e-032	chr1:75265738-75266026	15.85	tp	0
1-CCASYAGRKGGCRSYVKDG	STREME-1	3.7e-032	chr2:208373549-208373759	15.85	tp	0
1-CCASYAGRKGGCRSYVKDG	STREME-1	3.7e-032	chr10:116682298-116682689	15.83	tp	0
1-CCASYAGRKGGCRSYVKDG	STREME-1	3.7e-032	chr11:76799098-76799665	15.81	tp	0
1-CCASYAGRKGGCRSYVKDG	STREME-1	3.7e-032	chr8:56248345-56248578	15.81	tp	0
1-CCASYAGRKGGCRSYVKDG	STREME-1	3.7e-032	chr13:45370977-45371326	15.81	tp	0
1-CCASYAGRKGGCRSYVKDG	STREME-1	3.7e-032	chr17:7822777-7823000	15.79	tp	0
1-CCASYAGRKGGCRSYVKDG	STREME-1	3.7e-032	chr1:211649027-211649299	15.77	tp	0
1-CCASYAGRKGGCRSYVKDG	STREME-1	3.7e-032	chr15:90320015-90320450	15.75	tp	0
1-CCASYAGRKGGCRSYVKDG	STREME-1	3.7e-032	chr9:72039023-72039278	15.75	tp	0
1-CCASYAGRKGGCRSYVKDG	STREME-1	3.7e-032	chr1:56831950-56832222	15.74	tp	0
1-CCASYAGRKGGCRSYVKDG	STREME-1	3.7e-032	chr4:47383887-47384123	15.73	tp	0
1-CCASYAGRKGGCRSYVKDG	STREME-1	3.7e-032	chr3:69306216-69306854	15.73	tp	0
1-CCASYAGRKGGCRSYVKDG	STREME-1	3.7e-032	chr15:38414426-38414677	15.73	tp	0
1-CCASYAGRKGGCRSYVKDG	STREME-1	3.7e-032	chr3:141460130-141460484	15.72	tp	1
1-CCASYAGRKGGCRSYVKDG	STREME-1	3.7e-032	chr21:17924881-17925458	15.72	tp	1
1-CCASYAGRKGGCRSYVKDG	STREME-1	3.7e-032	chr4:185096134-185096356	15.72	tp	0
1-CCASYAGRKGGCRSYVKDG	STREME-1	3.7e-032	chr7:155598808-155599032	15.71	tp	0
1-CCASYAGRKGGCRSYVKDG	STREME-1	3.7e-032	chr5:146427197-146427457	15.71	tp	0
1-CCASYAGRKGGCRSYVKDG	STREME-1	3.7e-032	chr6:112337224-112337540	15.70	tp	0
1-CCASYAGRKGGCRSYVKDG	STREME-1	3.7e-032	chr1:10867058-10867598	15.68	tp	0
1-CCASYAGRKGGCRSYVKDG	STREME-1	3.7e-032	chr6:157756527-157757074	15.66	tp	0
1-CCASYAGRKGGCRSYVKDG	STREME-1	3.7e-032	chr6:25017949-25018305	15.65	tp	0
1-CCASYAGRKGGCRSYVKDG	STREME-1	3.7e-032	chr4:83644737-83644986	15.65	tp	0
1-CCASYAGRKGGCRSYVKDG	STREME-1	3.7e-032	chr3:149512305-149512587	15.63	tp	0
1-CCASYAGRKGGCRSYVKDG	STREME-1	3.7e-032	chr15:58227787-58228050	15.62	tp	0
1-CCASYAGRKGGCRSYVKDG	STREME-1	3.7e-032	chr13:49976693-49976965	15.61	tp	0
1-CCASYAGRKGGCRSYVKDG	STREME-1	3.7e-032	chr11:111777356-111777606	15.60	tp	0
1-CCASYAGRKGGCRSYVKDG	STREME-1	3.7e-032	chr3:151918304-151918590	15.56	tp	0
1-CCASYAGRKGGCRSYVKDG	STREME-1	3.7e-032	chr6:20056391-20056772	15.56	tp	0
1-CCASYAGRKGGCRSYVKDG	STREME-1	3.7e-032	chr2:179129725-179129978	15.55	tp	0
1-CCASYAGRKGGCRSYVKDG	STREME-1	3.7e-032	chr1:197924612-197924837	15.54	tp	1
1-CCASYAGRKGGCRSYVKDG	STREME-1	3.7e-032	chr1:209566073-209566400	15.53	tp	0
1-CCASYAGRKGGCRSYVKDG	STREME-1	3.7e-032	chr9:91681774-91682047	15.53	tp	0
1-CCASYAGRKGGCRSYVKDG	STREME-1	3.7e-032	chr19:13093749-13094108	15.51	tp	0
1-CCASYAGRKGGCRSYVKDG	STREME-1	3.7e-032	chr15:98659277-98659539	15.49	tp	0
1-CCASYAGRKGGCRSYVKDG	STREME-1	3.7e-032	chr4:139229527-139229773	15.48	tp	0
1-CCASYAGRKGGCRSYVKDG	STREME-1	3.7e-032	chr5:132883289-132883615	15.47	tp	0
1-CCASYAGRKGGCRSYVKDG	STREME-1	3.7e-032	chr21:41283260-41283589	15.46	tp	0
1-CCASYAGRKGGCRSYVKDG	STREME-1	3.7e-032	chr2:30707050-30707307	15.46	tp	0
1-CCASYAGRKGGCRSYVKDG	STREME-1	3.7e-032	chr5:78008431-78008667	15.45	tp	0
1-CCASYAGRKGGCRSYVKDG	STREME-1	3.7e-032	chr10:84264640-84264919	15.45	tp	0
1-CCASYAGRKGGCRSYVKDG	STREME-1	3.7e-032	chr2:224650825-224651138	15.44	tp	0
1-CCASYAGRKGGCRSYVKDG	STREME-1	3.7e-032	chr14:36942262-36942526	15.43	tp	0
1-CCASYAGRKGGCRSYVKDG	STREME-1	3.7e-032	chr7:19747800-19748070	15.42	tp	0
1-CCASYAGRKGGCRSYVKDG	STREME-1	3.7e-032	chr3:58187719-58188066	15.41	tp	0
1-CCASYAGRKGGCRSYVKDG	STREME-1	3.7e-032	chrX:118847662-118847980	15.40	tp	0
1-CCASYAGRKGGCRSYVKDG	STREME-1	3.7e-032	chr13:49301051-49301636	15.38	tp	0
1-CCASYAGRKGGCRSYVKDG	STREME-1	3.7e-032	chr6:154868136-154868392	15.38	tp	0
1-CCASYAGRKGGCRSYVKDG	STREME-1	3.7e-032	chr16:66895175-66895588	15.36	tp	0
1-CCASYAGRKGGCRSYVKDG	STREME-1	3.7e-032	chr3:30768728-30769020	15.36	tp	0
1-CCASYAGRKGGCRSYVKDG	STREME-1	3.7e-032	chr11:12331354-12331630	15.35	tp	0
1-CCASYAGRKGGCRSYVKDG	STREME-1	3.7e-032	chr5:140351767-140352032	15.35	tp	0
1-CCASYAGRKGGCRSYVKDG	STREME-1	3.7e-032	chr1:110202977-110203412	15.32	tp	1
1-CCASYAGRKGGCRSYVKDG	STREME-1	3.7e-032	chrX:14039401-14039666	15.31	tp	0
1-CCASYAGRKGGCRSYVKDG	STREME-1	3.7e-032	chr1:214123169-214123512	15.31	tp	0
1-CCASYAGRKGGCRSYVKDG	STREME-1	3.7e-032	chr3:128170956-128171254	15.30	tp	0
1-CCASYAGRKGGCRSYVKDG	STREME-1	3.7e-032	chr7:106056927-106057324	15.30	tp	0
1-CCASYAGRKGGCRSYVKDG	STREME-1	3.7e-032	chr17:49556218-49556785	15.28	tp	0
1-CCASYAGRKGGCRSYVKDG	STREME-1	3.7e-032	chr14:55446175-55446435	15.27	tp	0
1-CCASYAGRKGGCRSYVKDG	STREME-1	3.7e-032	chr4:47668919-47669181	15.27	tp	0
1-CCASYAGRKGGCRSYVKDG	STREME-1	3.7e-032	chr22:46122504-46122776	15.27	tp	0
1-CCASYAGRKGGCRSYVKDG	STREME-1	3.7e-032	chr7:21767205-21767699	15.26	tp	1
1-CCASYAGRKGGCRSYVKDG	STREME-1	3.7e-032	chr3:64399259-64399577	15.26	tp	0
1-CCASYAGRKGGCRSYVKDG	STREME-1	3.7e-032	chr12:117874715-117875289	15.25	tp	0
1-CCASYAGRKGGCRSYVKDG	STREME-1	3.7e-032	chrX:129607024-129607267	15.24	tp	0
1-CCASYAGRKGGCRSYVKDG	STREME-1	3.7e-032	chr8:120951242-120951492	15.23	tp	0
1-CCASYAGRKGGCRSYVKDG	STREME-1	3.7e-032	chr5:69007822-69008118	15.22	tp	0
1-CCASYAGRKGGCRSYVKDG	STREME-1	3.7e-032	chr7:25098477-25098707	15.21	tp	0
1-CCASYAGRKGGCRSYVKDG	STREME-1	3.7e-032	chr18:22813717-22813950	15.20	tp	0
1-CCASYAGRKGGCRSYVKDG	STREME-1	3.7e-032	chr15:40045101-40045410	15.20	tp	0
1-CCASYAGRKGGCRSYVKDG	STREME-1	3.7e-032	chr3:109023574-109024104	15.19	tp	0
1-CCASYAGRKGGCRSYVKDG	STREME-1	3.7e-032	chr10:123043403-123043727	15.18	tp	0
1-CCASYAGRKGGCRSYVKDG	STREME-1	3.7e-032	chr6:134156816-134157176	15.18	tp	0
1-CCASYAGRKGGCRSYVKDG	STREME-1	3.7e-032	chrX:109713058-109713332	15.17	tp	0
1-CCASYAGRKGGCRSYVKDG	STREME-1	3.7e-032	chr17:10327624-10327877	15.17	tp	0
1-CCASYAGRKGGCRSYVKDG	STREME-1	3.7e-032	chr15:89472720-89473147	15.16	tp	0
1-CCASYAGRKGGCRSYVKDG	STREME-1	3.7e-032	chr1:119286603-119286946	15.16	tp	0
1-CCASYAGRKGGCRSYVKDG	STREME-1	3.7e-032	chr20:6178592-6178866	15.15	tp	0
1-CCASYAGRKGGCRSYVKDG	STREME-1	3.7e-032	chr1:43238155-43238460	15.15	tp	0
1-CCASYAGRKGGCRSYVKDG	STREME-1	3.7e-032	chr4:41661523-41661784	15.14	tp	0
1-CCASYAGRKGGCRSYVKDG	STREME-1	3.7e-032	chr7:31122536-31122996	15.13	tp	0
1-CCASYAGRKGGCRSYVKDG	STREME-1	3.7e-032	chr7:95871136-95871399	15.12	tp	0
1-CCASYAGRKGGCRSYVKDG	STREME-1	3.7e-032	chr11:116691784-116692014	15.11	tp	0
1-CCASYAGRKGGCRSYVKDG	STREME-1	3.7e-032	chr6:154370626-154370822	15.10	tp	0
1-CCASYAGRKGGCRSYVKDG	STREME-1	3.7e-032	chr7:87312302-87312620	15.09	tp	0
1-CCASYAGRKGGCRSYVKDG	STREME-1	3.7e-032	chr12:110245483-110245811	15.08	tp	0
1-CCASYAGRKGGCRSYVKDG	STREME-1	3.7e-032	chr9:136339265-136339537	15.08	tp	0
1-CCASYAGRKGGCRSYVKDG	STREME-1	3.7e-032	chr18:36757177-36757461	15.08	tp	1
1-CCASYAGRKGGCRSYVKDG	STREME-1	3.7e-032	chr1:204127679-204127948	15.07	tp	0
1-CCASYAGRKGGCRSYVKDG	STREME-1	3.7e-032	chr14:61269453-61270130	15.06	tp	0
1-CCASYAGRKGGCRSYVKDG	STREME-1	3.7e-032	chr2:18378105-18378339	15.02	tp	0
1-CCASYAGRKGGCRSYVKDG	STREME-1	3.7e-032	chr20:20664844-20665090	15.01	tp	0
1-CCASYAGRKGGCRSYVKDG	STREME-1	3.7e-032	chrX:38754174-38754401	14.98	tp	0
1-CCASYAGRKGGCRSYVKDG	STREME-1	3.7e-032	chr1:206479574-206479829	14.96	tp	0
1-CCASYAGRKGGCRSYVKDG	STREME-1	3.7e-032	chr5:67209113-67209624	14.96	tp	0
1-CCASYAGRKGGCRSYVKDG	STREME-1	3.7e-032	chr17:34199827-34200298	14.96	tp	0
1-CCASYAGRKGGCRSYVKDG	STREME-1	3.7e-032	chr1:201559568-201560134	14.91	tp	0
1-CCASYAGRKGGCRSYVKDG	STREME-1	3.7e-032	chr17:74176752-74177005	14.91	tp	0
1-CCASYAGRKGGCRSYVKDG	STREME-1	3.7e-032	chr15:50876953-50877328	14.91	tp	0
1-CCASYAGRKGGCRSYVKDG	STREME-1	3.7e-032	chr14:62163049-62163370	14.90	tp	0
1-CCASYAGRKGGCRSYVKDG	STREME-1	3.7e-032	chr6:129936441-129936994	14.89	tp	0
1-CCASYAGRKGGCRSYVKDG	STREME-1	3.7e-032	chr2:143034314-143034683	14.86	tp	0
1-CCASYAGRKGGCRSYVKDG	STREME-1	3.7e-032	chr5:170638653-170639076	14.85	tp	0
1-CCASYAGRKGGCRSYVKDG	STREME-1	3.7e-032	chr16:68510147-68510503	14.83	tp	0
1-CCASYAGRKGGCRSYVKDG	STREME-1	3.7e-032	chr7:128387674-128388010	14.82	tp	1
1-CCASYAGRKGGCRSYVKDG	STREME-1	3.7e-032	chr5:115097990-115098574	14.82	tp	1
1-CCASYAGRKGGCRSYVKDG	STREME-1	3.7e-032	chr12:3803869-3804180	14.81	tp	0
1-CCASYAGRKGGCRSYVKDG	STREME-1	3.7e-032	chr12:90940965-90941199	14.81	tp	0
1-CCASYAGRKGGCRSYVKDG	STREME-1	3.7e-032	chr2:231601712-231601922	14.81	tp	0
1-CCASYAGRKGGCRSYVKDG	STREME-1	3.7e-032	chr6:133923883-133924456	14.81	tp	0
1-CCASYAGRKGGCRSYVKDG	STREME-1	3.7e-032	chr6:3251233-3252001	14.79	tp	0
1-CCASYAGRKGGCRSYVKDG	STREME-1	3.7e-032	chr5:38193125-38193440	14.78	tp	0
1-CCASYAGRKGGCRSYVKDG	STREME-1	3.7e-032	chr20:21529893-21530228	14.78	tp	1
1-CCASYAGRKGGCRSYVKDG	STREME-1	3.7e-032	chr3:120561315-120561548	14.78	tp	0
1-CCASYAGRKGGCRSYVKDG	STREME-1	3.7e-032	chr12:44015434-44015703	14.77	tp	1
1-CCASYAGRKGGCRSYVKDG	STREME-1	3.7e-032	chr11:75144469-75144724	14.76	tp	0
1-CCASYAGRKGGCRSYVKDG	STREME-1	3.7e-032	chr11:119474738-119475070	14.75	tp	0
1-CCASYAGRKGGCRSYVKDG	STREME-1	3.7e-032	chr1:218171397-218171618	14.75	tp	0
1-CCASYAGRKGGCRSYVKDG	STREME-1	3.7e-032	chr11:63478798-63479177	14.72	tp	0
1-CCASYAGRKGGCRSYVKDG	STREME-1	3.7e-032	chr9:68584462-68584894	14.72	tp	0
1-CCASYAGRKGGCRSYVKDG	STREME-1	3.7e-032	chr4:41644270-41644614	14.72	tp	0
1-CCASYAGRKGGCRSYVKDG	STREME-1	3.7e-032	chr10:118721109-118721343	14.72	tp	0
1-CCASYAGRKGGCRSYVKDG	STREME-1	3.7e-032	chr9:84315318-84315625	14.71	tp	1
1-CCASYAGRKGGCRSYVKDG	STREME-1	3.7e-032	chr11:65416400-65416668	14.70	tp	0
1-CCASYAGRKGGCRSYVKDG	STREME-1	3.7e-032	chr18:11040876-11041142	14.69	tp	0
1-CCASYAGRKGGCRSYVKDG	STREME-1	3.7e-032	chr5:147822717-147823056	14.69	tp	1
1-CCASYAGRKGGCRSYVKDG	STREME-1	3.7e-032	chr10:29998368-29998632	14.67	tp	0
1-CCASYAGRKGGCRSYVKDG	STREME-1	3.7e-032	chr5:96336403-96336698	14.66	tp	0
1-CCASYAGRKGGCRSYVKDG	STREME-1	3.7e-032	chr17:69526004-69526298	14.66	tp	0
1-CCASYAGRKGGCRSYVKDG	STREME-1	3.7e-032	chr4:112604626-112604903	14.65	tp	0
1-CCASYAGRKGGCRSYVKDG	STREME-1	3.7e-032	chr13:41668060-41668585	14.65	tp	0
1-CCASYAGRKGGCRSYVKDG	STREME-1	3.7e-032	chr7:33895153-33895791	14.65	tp	0
1-CCASYAGRKGGCRSYVKDG	STREME-1	3.7e-032	chr14:37246384-37246769	14.65	tp	0
1-CCASYAGRKGGCRSYVKDG	STREME-1	3.7e-032	chr1:158124991-158125393	14.65	tp	0
1-CCASYAGRKGGCRSYVKDG	STREME-1	3.7e-032	chr1:185813472-185813690	14.63	tp	0
1-CCASYAGRKGGCRSYVKDG	STREME-1	3.7e-032	chr3:30693519-30693852	14.62	tp	0
1-CCASYAGRKGGCRSYVKDG	STREME-1	3.7e-032	chr6:26064585-26064873	14.62	tp	0
1-CCASYAGRKGGCRSYVKDG	STREME-1	3.7e-032	chr1:204207101-204207498	14.62	tp	0
1-CCASYAGRKGGCRSYVKDG	STREME-1	3.7e-032	chr15:36501142-36501424	14.62	tp	1
1-CCASYAGRKGGCRSYVKDG	STREME-1	3.7e-032	chr21:35840215-35840493	14.61	tp	0
1-CCASYAGRKGGCRSYVKDG	STREME-1	3.7e-032	chr12:113980569-113980865	14.61	tp	0
1-CCASYAGRKGGCRSYVKDG	STREME-1	3.7e-032	chr5:138283110-138283636	14.60	tp	0
1-CCASYAGRKGGCRSYVKDG	STREME-1	3.7e-032	chr6:53728608-53728915	14.60	tp	0
1-CCASYAGRKGGCRSYVKDG	STREME-1	3.7e-032	chr10:98309402-98310032	14.60	tp	0
1-CCASYAGRKGGCRSYVKDG	STREME-1	3.7e-032	chr5:141914166-141914659	14.59	fp	0
1-CCASYAGRKGGCRSYVKDG	STREME-1	3.7e-032	chr20:52312199-52312503	14.58	tp	0
1-CCASYAGRKGGCRSYVKDG	STREME-1	3.7e-032	chr1:151735020-151735392	14.58	tp	0
1-CCASYAGRKGGCRSYVKDG	STREME-1	3.7e-032	chr3:134755156-134755446	14.58	tp	0
1-CCASYAGRKGGCRSYVKDG	STREME-1	3.7e-032	chr13:35978460-35978970	14.57	tp	0
1-CCASYAGRKGGCRSYVKDG	STREME-1	3.7e-032	chr10:71284952-71285473	14.56	tp	0
1-CCASYAGRKGGCRSYVKDG	STREME-1	3.7e-032	chr5:171342435-171342708	14.56	tp	1
1-CCASYAGRKGGCRSYVKDG	STREME-1	3.7e-032	chr6:35241106-35241412	14.55	tp	0
1-CCASYAGRKGGCRSYVKDG	STREME-1	3.7e-032	chr7:88345305-88345548	14.55	tp	0
1-CCASYAGRKGGCRSYVKDG	STREME-1	3.7e-032	chr12:46934047-46934325	14.52	tp	0
1-CCASYAGRKGGCRSYVKDG	STREME-1	3.7e-032	chr4:82462317-82462824	14.52	tp	0
1-CCASYAGRKGGCRSYVKDG	STREME-1	3.7e-032	chr14:75560925-75561416	14.51	tp	0
1-CCASYAGRKGGCRSYVKDG	STREME-1	3.7e-032	chr20:1965466-1966288	14.50	tp	0
1-CCASYAGRKGGCRSYVKDG	STREME-1	3.7e-032	chr6:14129585-14129923	14.49	tp	0
1-CCASYAGRKGGCRSYVKDG	STREME-1	3.7e-032	chr1:147495021-147495376	14.48	tp	0
1-CCASYAGRKGGCRSYVKDG	STREME-1	3.7e-032	chr2:164917349-164917585	14.48	tp	0
1-CCASYAGRKGGCRSYVKDG	STREME-1	3.7e-032	chr8:101301248-101301800	14.46	tp	0
1-CCASYAGRKGGCRSYVKDG	STREME-1	3.7e-032	chr2:75465656-75465887	14.46	tp	0
1-CCASYAGRKGGCRSYVKDG	STREME-1	3.7e-032	chr21:39138203-39138472	14.46	tp	0
1-CCASYAGRKGGCRSYVKDG	STREME-1	3.7e-032	chr9:14353469-14353802	14.46	tp	0
1-CCASYAGRKGGCRSYVKDG	STREME-1	3.7e-032	chr8:9029840-9030140	14.45	tp	0
1-CCASYAGRKGGCRSYVKDG	STREME-1	3.7e-032	chr3:184289323-184289837	14.44	tp	0
1-CCASYAGRKGGCRSYVKDG	STREME-1	3.7e-032	chr12:53746609-53747107	14.42	tp	0
1-CCASYAGRKGGCRSYVKDG	STREME-1	3.7e-032	chr8:10417800-10418078	14.41	tp	1
1-CCASYAGRKGGCRSYVKDG	STREME-1	3.7e-032	chr6:150891915-150892266	14.40	tp	0
1-CCASYAGRKGGCRSYVKDG	STREME-1	3.7e-032	chr4:155371549-155371776	14.39	tp	0
1-CCASYAGRKGGCRSYVKDG	STREME-1	3.7e-032	chr11:4539597-4540003	14.38	tp	1
1-CCASYAGRKGGCRSYVKDG	STREME-1	3.7e-032	chr14:78448460-78448880	14.38	tp	1
1-CCASYAGRKGGCRSYVKDG	STREME-1	3.7e-032	chr2:222561868-222562163	14.37	tp	0
1-CCASYAGRKGGCRSYVKDG	STREME-1	3.7e-032	chr6:25942615-25942840	14.34	tp	0
1-CCASYAGRKGGCRSYVKDG	STREME-1	3.7e-032	chr9:87662882-87663187	14.34	tp	1
1-CCASYAGRKGGCRSYVKDG	STREME-1	3.7e-032	chr4:121370826-121371060	14.32	tp	0
1-CCASYAGRKGGCRSYVKDG	STREME-1	3.7e-032	chr3:5136680-5136975	14.31	tp	0
1-CCASYAGRKGGCRSYVKDG	STREME-1	3.7e-032	chr10:131885257-131885754	14.30	tp	0
1-CCASYAGRKGGCRSYVKDG	STREME-1	3.7e-032	chr10:73886054-73886405	14.30	tp	0
1-CCASYAGRKGGCRSYVKDG	STREME-1	3.7e-032	chr14:33839403-33840093	14.30	fp	0
1-CCASYAGRKGGCRSYVKDG	STREME-1	3.7e-032	chrX:119417907-119418184	14.29	tp	0
1-CCASYAGRKGGCRSYVKDG	STREME-1	3.7e-032	chr12:48890685-48891023	14.29	tp	1
1-CCASYAGRKGGCRSYVKDG	STREME-1	3.7e-032	chr14:64303466-64303782	14.29	tp	0
1-CCASYAGRKGGCRSYVKDG	STREME-1	3.7e-032	chr8:90758373-90758593	14.27	tp	0
1-CCASYAGRKGGCRSYVKDG	STREME-1	3.7e-032	chr7:134141163-134141767	14.26	tp	0
1-CCASYAGRKGGCRSYVKDG	STREME-1	3.7e-032	chr1:46446843-46447145	14.26	tp	0
1-CCASYAGRKGGCRSYVKDG	STREME-1	3.7e-032	chr2:31333565-31334042	14.26	tp	0
1-CCASYAGRKGGCRSYVKDG	STREME-1	3.7e-032	chr1:203166338-203166954	14.25	tp	0
1-CCASYAGRKGGCRSYVKDG	STREME-1	3.7e-032	chr7:75642920-75643225	14.25	tp	0
1-CCASYAGRKGGCRSYVKDG	STREME-1	3.7e-032	chr18:31506405-31506655	14.23	tp	0
1-CCASYAGRKGGCRSYVKDG	STREME-1	3.7e-032	chr4:81039983-81040535	14.22	tp	0
1-CCASYAGRKGGCRSYVKDG	STREME-1	3.7e-032	chr10:75395378-75395606	14.21	tp	0
1-CCASYAGRKGGCRSYVKDG	STREME-1	3.7e-032	chr17:55526435-55526714	14.21	fp	0
1-CCASYAGRKGGCRSYVKDG	STREME-1	3.7e-032	chr4:184745862-184746083	14.20	tp	0
1-CCASYAGRKGGCRSYVKDG	STREME-1	3.7e-032	chr13:32001144-32001793	14.18	tp	0
1-CCASYAGRKGGCRSYVKDG	STREME-1	3.7e-032	chr5:129767887-129768321	14.18	fp	0
1-CCASYAGRKGGCRSYVKDG	STREME-1	3.7e-032	chr7:82810720-82810978	14.15	tp	0
1-CCASYAGRKGGCRSYVKDG	STREME-1	3.7e-032	chr15:89411473-89411777	14.15	tp	0
1-CCASYAGRKGGCRSYVKDG	STREME-1	3.7e-032	chr12:95918538-95918845	14.15	tp	0
1-CCASYAGRKGGCRSYVKDG	STREME-1	3.7e-032	chr6:41682124-41682487	14.12	tp	0
1-CCASYAGRKGGCRSYVKDG	STREME-1	3.7e-032	chr1:101357236-101357856	14.12	tp	0
1-CCASYAGRKGGCRSYVKDG	STREME-1	3.7e-032	chr4:40924517-40924825	14.10	tp	0
1-CCASYAGRKGGCRSYVKDG	STREME-1	3.7e-032	chr6:154928392-154928676	14.10	tp	0
1-CCASYAGRKGGCRSYVKDG	STREME-1	3.7e-032	chr13:46831657-46831966	14.09	tp	0
1-CCASYAGRKGGCRSYVKDG	STREME-1	3.7e-032	chr11:8099366-8099630	14.09	tp	0
1-CCASYAGRKGGCRSYVKDG	STREME-1	3.7e-032	chr4:119041996-119042283	14.07	tp	0
1-CCASYAGRKGGCRSYVKDG	STREME-1	3.7e-032	chr17:55526435-55526714	14.06	tp	0
1-CCASYAGRKGGCRSYVKDG	STREME-1	3.7e-032	chr1:19918083-19918311	14.04	tp	0
1-CCASYAGRKGGCRSYVKDG	STREME-1	3.7e-032	chr3:40191907-40192260	14.02	tp	0
1-CCASYAGRKGGCRSYVKDG	STREME-1	3.7e-032	chr4:73341430-73341747	14.02	tp	0
1-CCASYAGRKGGCRSYVKDG	STREME-1	3.7e-032	chr11:32006791-32007128	14.02	tp	0
1-CCASYAGRKGGCRSYVKDG	STREME-1	3.7e-032	chrX:12701730-12701990	14.02	tp	0
1-CCASYAGRKGGCRSYVKDG	STREME-1	3.7e-032	chr12:70589932-70590349	14.01	tp	0
1-CCASYAGRKGGCRSYVKDG	STREME-1	3.7e-032	chr4:42568683-42568967	14.00	tp	0
1-CCASYAGRKGGCRSYVKDG	STREME-1	3.7e-032	chr7:82017390-82017652	13.98	tp	0
1-CCASYAGRKGGCRSYVKDG	STREME-1	3.7e-032	chr10:81820524-81820752	13.96	tp	0
1-CCASYAGRKGGCRSYVKDG	STREME-1	3.7e-032	chr11:119666354-119666786	13.96	tp	0
1-CCASYAGRKGGCRSYVKDG	STREME-1	3.7e-032	chr11:77091187-77091484	13.96	tp	0
1-CCASYAGRKGGCRSYVKDG	STREME-1	3.7e-032	chr22:26679049-26679346	13.95	tp	0
1-CCASYAGRKGGCRSYVKDG	STREME-1	3.7e-032	chr2:216516836-216517070	13.95	tp	0
1-CCASYAGRKGGCRSYVKDG	STREME-1	3.7e-032	chr3:171566874-171567131	13.95	tp	0
1-CCASYAGRKGGCRSYVKDG	STREME-1	3.7e-032	chr3:56494689-56495043	13.94	tp	1
1-CCASYAGRKGGCRSYVKDG	STREME-1	3.7e-032	chr14:59283368-59283915	13.93	fp	0
1-CCASYAGRKGGCRSYVKDG	STREME-1	3.7e-032	chr17:60569744-60570098	13.92	tp	0
1-CCASYAGRKGGCRSYVKDG	STREME-1	3.7e-032	chr5:129771399-129771742	13.92	tp	0
1-CCASYAGRKGGCRSYVKDG	STREME-1	3.7e-032	chr8:36858864-36859226	13.91	tp	0
1-CCASYAGRKGGCRSYVKDG	STREME-1	3.7e-032	chr8:134478313-134478912	13.91	tp	0
1-CCASYAGRKGGCRSYVKDG	STREME-1	3.7e-032	chr1:91529927-91530187	13.91	tp	0
1-CCASYAGRKGGCRSYVKDG	STREME-1	3.7e-032	chr1:100459562-100459843	13.91	tp	0
1-CCASYAGRKGGCRSYVKDG	STREME-1	3.7e-032	chr1:154669702-154670091	13.90	tp	0
1-CCASYAGRKGGCRSYVKDG	STREME-1	3.7e-032	chr17:4215383-4215691	13.90	tp	0
1-CCASYAGRKGGCRSYVKDG	STREME-1	3.7e-032	chr3:133208273-133208552	13.90	tp	0
1-CCASYAGRKGGCRSYVKDG	STREME-1	3.7e-032	chr3:187678928-187679211	13.88	tp	0
1-CCASYAGRKGGCRSYVKDG	STREME-1	3.7e-032	chr1:25101435-25101820	13.87	tp	0
1-CCASYAGRKGGCRSYVKDG	STREME-1	3.7e-032	chr22:46542181-46542756	13.87	tp	0
1-CCASYAGRKGGCRSYVKDG	STREME-1	3.7e-032	chr20:31612835-31613183	13.87	tp	0
1-CCASYAGRKGGCRSYVKDG	STREME-1	3.7e-032	chrX:109890961-109891250	13.85	tp	0
1-CCASYAGRKGGCRSYVKDG	STREME-1	3.7e-032	chr15:43285543-43285997	13.83	tp	0
1-CCASYAGRKGGCRSYVKDG	STREME-1	3.7e-032	chr9:116660956-116661589	13.83	tp	0
1-CCASYAGRKGGCRSYVKDG	STREME-1	3.7e-032	chr5:168219657-168220263	13.82	tp	1
1-CCASYAGRKGGCRSYVKDG	STREME-1	3.7e-032	chr18:59249229-59249531	13.82	tp	0
1-CCASYAGRKGGCRSYVKDG	STREME-1	3.7e-032	chr12:53159401-53159749	13.78	tp	0
1-CCASYAGRKGGCRSYVKDG	STREME-1	3.7e-032	chr6:797598-797853	13.72	tp	1
1-CCASYAGRKGGCRSYVKDG	STREME-1	3.7e-032	chr18:54127838-54128081	13.72	tp	0
1-CCASYAGRKGGCRSYVKDG	STREME-1	3.7e-032	chr12:92785122-92785484	13.71	tp	0
1-CCASYAGRKGGCRSYVKDG	STREME-1	3.7e-032	chr6:14066843-14067151	13.70	tp	0
1-CCASYAGRKGGCRSYVKDG	STREME-1	3.7e-032	chr13:20712662-20712919	13.70	tp	0
1-CCASYAGRKGGCRSYVKDG	STREME-1	3.7e-032	chr11:12963868-12964471	13.68	fp	0
1-CCASYAGRKGGCRSYVKDG	STREME-1	3.7e-032	chr20:51306755-51307188	13.67	tp	0
1-CCASYAGRKGGCRSYVKDG	STREME-1	3.7e-032	chr3:52144101-52144873	13.67	tp	0
1-CCASYAGRKGGCRSYVKDG	STREME-1	3.7e-032	chr16:21640740-21641007	13.67	tp	0
1-CCASYAGRKGGCRSYVKDG	STREME-1	3.7e-032	chrX:65528792-65529043	13.65	tp	0
1-CCASYAGRKGGCRSYVKDG	STREME-1	3.7e-032	chr3:62201482-62201736	13.64	tp	0
1-CCASYAGRKGGCRSYVKDG	STREME-1	3.7e-032	chr14:62179285-62179892	13.64	tp	0
1-CCASYAGRKGGCRSYVKDG	STREME-1	3.7e-032	chr15:66774391-66774665	13.63	tp	0
1-CCASYAGRKGGCRSYVKDG	STREME-1	3.7e-032	chr2:158010317-158010606	13.62	tp	0
1-CCASYAGRKGGCRSYVKDG	STREME-1	3.7e-032	chr5:96344731-96345094	13.60	tp	0
1-CCASYAGRKGGCRSYVKDG	STREME-1	3.7e-032	chrX:21985185-21985642	13.59	tp	0
1-CCASYAGRKGGCRSYVKDG	STREME-1	3.7e-032	chr9:27033874-27034172	13.58	tp	0
1-CCASYAGRKGGCRSYVKDG	STREME-1	3.7e-032	chr17:59310908-59311484	13.57	tp	1
1-CCASYAGRKGGCRSYVKDG	STREME-1	3.7e-032	chr13:102457190-102457748	13.56	tp	0
1-CCASYAGRKGGCRSYVKDG	STREME-1	3.7e-032	chr11:60887566-60887903	13.56	tp	0
1-CCASYAGRKGGCRSYVKDG	STREME-1	3.7e-032	chr7:29102618-29102868	13.55	tp	0
1-CCASYAGRKGGCRSYVKDG	STREME-1	3.7e-032	chr9:15135047-15135629	13.54	tp	0
1-CCASYAGRKGGCRSYVKDG	STREME-1	3.7e-032	chr1:60156858-60157251	13.53	tp	0
1-CCASYAGRKGGCRSYVKDG	STREME-1	3.7e-032	chr17:6665928-6666506	13.50	tp	0
1-CCASYAGRKGGCRSYVKDG	STREME-1	3.7e-032	chr3:98994189-98994497	13.48	tp	0
1-CCASYAGRKGGCRSYVKDG	STREME-1	3.7e-032	chr8:64382054-64382432	13.47	tp	0
1-CCASYAGRKGGCRSYVKDG	STREME-1	3.7e-032	chr18:22563174-22563429	13.46	tp	0
1-CCASYAGRKGGCRSYVKDG	STREME-1	3.7e-032	chr4:122576903-122577155	13.45	tp	0
1-CCASYAGRKGGCRSYVKDG	STREME-1	3.7e-032	chr7:28922679-28922923	13.45	tp	1
1-CCASYAGRKGGCRSYVKDG	STREME-1	3.7e-032	chr9:123349719-123350322	13.43	tp	0
1-CCASYAGRKGGCRSYVKDG	STREME-1	3.7e-032	chr17:57243155-57243504	13.43	tp	0
1-CCASYAGRKGGCRSYVKDG	STREME-1	3.7e-032	chr4:141307197-141307692	13.41	fp	0
1-CCASYAGRKGGCRSYVKDG	STREME-1	3.7e-032	chr4:10403785-10404058	13.41	tp	1
1-CCASYAGRKGGCRSYVKDG	STREME-1	3.7e-032	chr14:23929791-23930078	13.40	tp	0
1-CCASYAGRKGGCRSYVKDG	STREME-1	3.7e-032	chr8:8273248-8273567	13.39	tp	0
1-CCASYAGRKGGCRSYVKDG	STREME-1	3.7e-032	chr8:25577223-25577489	13.37	tp	0
1-CCASYAGRKGGCRSYVKDG	STREME-1	3.7e-032	chr6:8131320-8131639	13.36	tp	0
1-CCASYAGRKGGCRSYVKDG	STREME-1	3.7e-032	chr1:31564060-31564365	13.35	tp	0
1-CCASYAGRKGGCRSYVKDG	STREME-1	3.7e-032	chr5:138077116-138077389	13.34	tp	0
1-CCASYAGRKGGCRSYVKDG	STREME-1	3.7e-032	chr10:97072894-97073145	13.33	fp	0
1-CCASYAGRKGGCRSYVKDG	STREME-1	3.7e-032	chr5:77144602-77144873	13.32	tp	0
1-CCASYAGRKGGCRSYVKDG	STREME-1	3.7e-032	chr11:7657282-7657854	13.30	tp	0
1-CCASYAGRKGGCRSYVKDG	STREME-1	3.7e-032	chr6:52407445-52407734	13.27	tp	0
1-CCASYAGRKGGCRSYVKDG	STREME-1	3.7e-032	chr3:189233263-189233548	13.27	tp	1
1-CCASYAGRKGGCRSYVKDG	STREME-1	3.7e-032	chr10:118241328-118241558	13.27	tp	0
1-CCASYAGRKGGCRSYVKDG	STREME-1	3.7e-032	chr18:80157807-80158043	13.26	tp	0
1-CCASYAGRKGGCRSYVKDG	STREME-1	3.7e-032	chr12:113912735-113913018	13.25	tp	0
1-CCASYAGRKGGCRSYVKDG	STREME-1	3.7e-032	chr14:63276657-63277223	13.25	tp	0
1-CCASYAGRKGGCRSYVKDG	STREME-1	3.7e-032	chr3:159805033-159805630	13.23	tp	0
1-CCASYAGRKGGCRSYVKDG	STREME-1	3.7e-032	chr10:80664126-80664414	13.23	tp	0
1-CCASYAGRKGGCRSYVKDG	STREME-1	3.7e-032	chr17:73429418-73429885	13.23	fp	0
1-CCASYAGRKGGCRSYVKDG	STREME-1	3.7e-032	chr11:120108236-120108506	13.23	tp	1
1-CCASYAGRKGGCRSYVKDG	STREME-1	3.7e-032	chr15:99213255-99213518	13.21	tp	0
1-CCASYAGRKGGCRSYVKDG	STREME-1	3.7e-032	chr1:227953935-227954210	13.21	tp	0
1-CCASYAGRKGGCRSYVKDG	STREME-1	3.7e-032	chr2:48600228-48600522	13.20	tp	0
1-CCASYAGRKGGCRSYVKDG	STREME-1	3.7e-032	chr4:170047860-170048098	13.20	tp	1
1-CCASYAGRKGGCRSYVKDG	STREME-1	3.7e-032	chr2:67846316-67846905	13.18	tp	0
1-CCASYAGRKGGCRSYVKDG	STREME-1	3.7e-032	chr8:104759736-104760011	13.18	tp	0
1-CCASYAGRKGGCRSYVKDG	STREME-1	3.7e-032	chr2:169452157-169452384	13.17	tp	0
1-CCASYAGRKGGCRSYVKDG	STREME-1	3.7e-032	chr4:159446222-159447103	13.16	tp	0
1-CCASYAGRKGGCRSYVKDG	STREME-1	3.7e-032	chr5:136249746-136250061	13.16	tp	0
1-CCASYAGRKGGCRSYVKDG	STREME-1	3.7e-032	chr2:202178310-202178786	13.16	tp	0
1-CCASYAGRKGGCRSYVKDG	STREME-1	3.7e-032	chr9:76403181-76403753	13.14	tp	0
1-CCASYAGRKGGCRSYVKDG	STREME-1	3.7e-032	chr6:188763-189211	13.13	tp	0
1-CCASYAGRKGGCRSYVKDG	STREME-1	3.7e-032	chr17:39244621-39245238	13.13	tp	0
1-CCASYAGRKGGCRSYVKDG	STREME-1	3.7e-032	chr10:101213654-101214061	13.13	tp	0
1-CCASYAGRKGGCRSYVKDG	STREME-1	3.7e-032	chr9:34437339-34437743	13.11	tp	0
1-CCASYAGRKGGCRSYVKDG	STREME-1	3.7e-032	chr10:60434486-60434782	13.09	tp	0
1-CCASYAGRKGGCRSYVKDG	STREME-1	3.7e-032	chr6:143575391-143575699	13.09	tp	0
1-CCASYAGRKGGCRSYVKDG	STREME-1	3.7e-032	chr11:12888695-12889111	13.07	fp	0
1-CCASYAGRKGGCRSYVKDG	STREME-1	3.7e-032	chr3:129829603-129829986	13.07	tp	0
1-CCASYAGRKGGCRSYVKDG	STREME-1	3.7e-032	chr12:8108842-8109134	13.05	tp	0
1-CCASYAGRKGGCRSYVKDG	STREME-1	3.7e-032	chr3:151168326-151168619	13.05	fp	0
1-CCASYAGRKGGCRSYVKDG	STREME-1	3.7e-032	chr11:131064451-131064669	13.02	tp	0
1-CCASYAGRKGGCRSYVKDG	STREME-1	3.7e-032	chr1:226634007-226634543	13.02	tp	0
1-CCASYAGRKGGCRSYVKDG	STREME-1	3.7e-032	chr13:50801213-50801782	13.00	tp	0
1-CCASYAGRKGGCRSYVKDG	STREME-1	3.7e-032	chr14:76875904-76876410	12.99	tp	0
1-CCASYAGRKGGCRSYVKDG	STREME-1	3.7e-032	chr18:49178825-49179082	12.99	tp	0
1-CCASYAGRKGGCRSYVKDG	STREME-1	3.7e-032	chr9:77456871-77457160	12.98	tp	0
1-CCASYAGRKGGCRSYVKDG	STREME-1	3.7e-032	chr1:203702036-203702507	12.98	tp	1
1-CCASYAGRKGGCRSYVKDG	STREME-1	3.7e-032	chr14:54138631-54139058	12.98	tp	0
1-CCASYAGRKGGCRSYVKDG	STREME-1	3.7e-032	chr1:201085984-201086267	12.98	fp	0
1-CCASYAGRKGGCRSYVKDG	STREME-1	3.7e-032	chr4:26330226-26330517	12.96	tp	1
1-CCASYAGRKGGCRSYVKDG	STREME-1	3.7e-032	chr5:103232476-103232777	12.95	tp	0
1-CCASYAGRKGGCRSYVKDG	STREME-1	3.7e-032	chr1:207997824-207998086	12.95	tp	0
1-CCASYAGRKGGCRSYVKDG	STREME-1	3.7e-032	chr3:137792675-137792958	12.94	tp	0
1-CCASYAGRKGGCRSYVKDG	STREME-1	3.7e-032	chr1:36516266-36516730	12.94	tp	0
1-CCASYAGRKGGCRSYVKDG	STREME-1	3.7e-032	chr3:181702088-181702375	12.94	tp	0
1-CCASYAGRKGGCRSYVKDG	STREME-1	3.7e-032	chr11:100576475-100576727	12.93	tp	0
1-CCASYAGRKGGCRSYVKDG	STREME-1	3.7e-032	chr3:12135067-12135356	12.91	tp	0
1-CCASYAGRKGGCRSYVKDG	STREME-1	3.7e-032	chr2:175203717-175203958	12.90	tp	0
1-CCASYAGRKGGCRSYVKDG	STREME-1	3.7e-032	chr5:24633799-24634031	12.88	tp	0
1-CCASYAGRKGGCRSYVKDG	STREME-1	3.7e-032	chr13:91313134-91313439	12.88	tp	0
1-CCASYAGRKGGCRSYVKDG	STREME-1	3.7e-032	chr4:183256863-183257077	12.88	tp	0
1-CCASYAGRKGGCRSYVKDG	STREME-1	3.7e-032	chr10:35635455-35635849	12.87	tp	0
1-CCASYAGRKGGCRSYVKDG	STREME-1	3.7e-032	chr17:58587705-58587976	12.86	tp	0
1-CCASYAGRKGGCRSYVKDG	STREME-1	3.7e-032	chr11:131673897-131674420	12.86	tp	0
1-CCASYAGRKGGCRSYVKDG	STREME-1	3.7e-032	chr7:155738709-155738988	12.85	tp	0
1-CCASYAGRKGGCRSYVKDG	STREME-1	3.7e-032	chr9:32579775-32580088	12.85	tp	0
1-CCASYAGRKGGCRSYVKDG	STREME-1	3.7e-032	chr4:76067595-76068084	12.84	tp	0
1-CCASYAGRKGGCRSYVKDG	STREME-1	3.7e-032	chr10:117165808-117166080	12.83	fp	0
1-CCASYAGRKGGCRSYVKDG	STREME-1	3.7e-032	chrX:103845101-103845396	12.82	tp	1
1-CCASYAGRKGGCRSYVKDG	STREME-1	3.7e-032	chr13:102916063-102916363	12.80	tp	0
1-CCASYAGRKGGCRSYVKDG	STREME-1	3.7e-032	chr7:36487808-36488063	12.80	tp	0
1-CCASYAGRKGGCRSYVKDG	STREME-1	3.7e-032	chr4:87849062-87849331	12.77	tp	0
1-CCASYAGRKGGCRSYVKDG	STREME-1	3.7e-032	chr9:109244584-109244832	12.76	tp	0
1-CCASYAGRKGGCRSYVKDG	STREME-1	3.7e-032	chr2:36663974-36664566	12.75	tp	0
1-CCASYAGRKGGCRSYVKDG	STREME-1	3.7e-032	chr12:69070372-69070656	12.74	tp	1
1-CCASYAGRKGGCRSYVKDG	STREME-1	3.7e-032	chr14:77070618-77070999	12.73	tp	0
1-CCASYAGRKGGCRSYVKDG	STREME-1	3.7e-032	chr3:66372718-66372993	12.72	tp	0
1-CCASYAGRKGGCRSYVKDG	STREME-1	3.7e-032	chr6:111210133-111210763	12.72	tp	1
1-CCASYAGRKGGCRSYVKDG	STREME-1	3.7e-032	chr5:53170819-53171040	12.70	tp	0
1-CCASYAGRKGGCRSYVKDG	STREME-1	3.7e-032	chr17:48678424-48678869	12.70	tp	0
1-CCASYAGRKGGCRSYVKDG	STREME-1	3.7e-032	chr2:26961563-26962160	12.69	tp	0
1-CCASYAGRKGGCRSYVKDG	STREME-1	3.7e-032	chr15:76139345-76139955	12.68	tp	0
1-CCASYAGRKGGCRSYVKDG	STREME-1	3.7e-032	chr17:41648649-41648964	12.68	tp	0
1-CCASYAGRKGGCRSYVKDG	STREME-1	3.7e-032	chrX:9885184-9885487	12.65	tp	0
1-CCASYAGRKGGCRSYVKDG	STREME-1	3.7e-032	chr1:160376563-160376826	12.63	tp	0
1-CCASYAGRKGGCRSYVKDG	STREME-1	3.7e-032	chr6:16331395-16331690	12.62	tp	0
1-CCASYAGRKGGCRSYVKDG	STREME-1	3.7e-032	chr6:125311039-125311427	12.59	tp	0
1-CCASYAGRKGGCRSYVKDG	STREME-1	3.7e-032	chr17:32319483-32319754	12.58	tp	0
1-CCASYAGRKGGCRSYVKDG	STREME-1	3.7e-032	chr3:107429834-107430249	12.56	tp	1
1-CCASYAGRKGGCRSYVKDG	STREME-1	3.7e-032	chr4:76219157-76219859	12.54	tp	0
1-CCASYAGRKGGCRSYVKDG	STREME-1	3.7e-032	chr1:176375008-176375361	12.51	tp	0
1-CCASYAGRKGGCRSYVKDG	STREME-1	3.7e-032	chrX:136268522-136268766	12.51	tp	1
1-CCASYAGRKGGCRSYVKDG	STREME-1	3.7e-032	chr2:31170084-31170548	12.51	tp	1
1-CCASYAGRKGGCRSYVKDG	STREME-1	3.7e-032	chr6:135423627-135423999	12.49	tp	1
1-CCASYAGRKGGCRSYVKDG	STREME-1	3.7e-032	chr9:89676205-89676786	12.49	fp	0
1-CCASYAGRKGGCRSYVKDG	STREME-1	3.7e-032	chr4:71229818-71230032	12.47	tp	1
1-CCASYAGRKGGCRSYVKDG	STREME-1	3.7e-032	chr1:201709535-201709770	12.47	tp	0
1-CCASYAGRKGGCRSYVKDG	STREME-1	3.7e-032	chr9:37913547-37914283	12.44	tp	0
1-CCASYAGRKGGCRSYVKDG	STREME-1	3.7e-032	chr14:50954902-50955162	12.42	tp	0
1-CCASYAGRKGGCRSYVKDG	STREME-1	3.7e-032	chr15:94327434-94327654	12.41	tp	0
1-CCASYAGRKGGCRSYVKDG	STREME-1	3.7e-032	chr9:78121576-78121819	12.40	tp	0
1-CCASYAGRKGGCRSYVKDG	STREME-1	3.7e-032	chr7:50418090-50418385	12.40	tp	0
1-CCASYAGRKGGCRSYVKDG	STREME-1	3.7e-032	chr7:100563963-100564196	12.39	tp	0
1-CCASYAGRKGGCRSYVKDG	STREME-1	3.7e-032	chr5:103475563-103476032	12.38	tp	0
1-CCASYAGRKGGCRSYVKDG	STREME-1	3.7e-032	chr15:47987954-47988259	12.38	tp	0
1-CCASYAGRKGGCRSYVKDG	STREME-1	3.7e-032	chr6:90286960-90287180	12.38	tp	0
1-CCASYAGRKGGCRSYVKDG	STREME-1	3.7e-032	chr10:50224387-50224684	12.37	tp	0
1-CCASYAGRKGGCRSYVKDG	STREME-1	3.7e-032	chr1:93629429-93629892	12.36	tp	0
1-CCASYAGRKGGCRSYVKDG	STREME-1	3.7e-032	chr17:51764408-51764765	12.36	fp	0
1-CCASYAGRKGGCRSYVKDG	STREME-1	3.7e-032	chr1:109773681-109774009	12.34	tp	0
1-CCASYAGRKGGCRSYVKDG	STREME-1	3.7e-032	chr11:122628957-122629289	12.34	tp	0
1-CCASYAGRKGGCRSYVKDG	STREME-1	3.7e-032	chr8:12866913-12867152	12.32	tp	0
1-CCASYAGRKGGCRSYVKDG	STREME-1	3.7e-032	chr5:147949776-147950030	12.31	tp	0
1-CCASYAGRKGGCRSYVKDG	STREME-1	3.7e-032	chr2:173402390-173402802	12.31	tp	0
1-CCASYAGRKGGCRSYVKDG	STREME-1	3.7e-032	chr16:58661181-58661710	12.31	tp	0
1-CCASYAGRKGGCRSYVKDG	STREME-1	3.7e-032	chr11:7688273-7688568	12.28	tp	0
1-CCASYAGRKGGCRSYVKDG	STREME-1	3.7e-032	chr2:234550540-234550830	12.27	tp	0
1-CCASYAGRKGGCRSYVKDG	STREME-1	3.7e-032	chr4:7034388-7035207	12.26	tp	0
1-CCASYAGRKGGCRSYVKDG	STREME-1	3.7e-032	chr18:47215628-47215904	12.26	tp	0
1-CCASYAGRKGGCRSYVKDG	STREME-1	3.7e-032	chr12:75560145-75560510	12.25	tp	0
1-CCASYAGRKGGCRSYVKDG	STREME-1	3.7e-032	chr20:561657-562048	12.24	tp	0
1-CCASYAGRKGGCRSYVKDG	STREME-1	3.7e-032	chr13:41054296-41054550	12.23	tp	0
1-CCASYAGRKGGCRSYVKDG	STREME-1	3.7e-032	chr9:124711772-124712450	12.22	tp	0
1-CCASYAGRKGGCRSYVKDG	STREME-1	3.7e-032	chr1:94801854-94802494	12.21	tp	0
1-CCASYAGRKGGCRSYVKDG	STREME-1	3.7e-032	chr4:158777453-158777759	12.21	tp	0
1-CCASYAGRKGGCRSYVKDG	STREME-1	3.7e-032	chr5:36870342-36870872	12.19	tp	1
1-CCASYAGRKGGCRSYVKDG	STREME-1	3.7e-032	chr4:83771196-83771435	12.19	tp	0
1-CCASYAGRKGGCRSYVKDG	STREME-1	3.7e-032	chr16:53945990-53946230	12.18	tp	0
1-CCASYAGRKGGCRSYVKDG	STREME-1	3.7e-032	chr6:137076533-137076903	12.18	tp	0
1-CCASYAGRKGGCRSYVKDG	STREME-1	3.7e-032	chr2:100606728-100607317	12.18	tp	0
1-CCASYAGRKGGCRSYVKDG	STREME-1	3.7e-032	chr5:96868756-96869396	12.18	tp	0
1-CCASYAGRKGGCRSYVKDG	STREME-1	3.7e-032	chr1:201895829-201896345	12.17	tp	0
1-CCASYAGRKGGCRSYVKDG	STREME-1	3.7e-032	chr6:111591196-111591966	12.16	tp	0
1-CCASYAGRKGGCRSYVKDG	STREME-1	3.7e-032	chr7:151626429-151626780	12.16	tp	0
1-CCASYAGRKGGCRSYVKDG	STREME-1	3.7e-032	chr3:36958646-36959092	12.15	tp	0
1-CCASYAGRKGGCRSYVKDG	STREME-1	3.7e-032	chr3:47324260-47324716	12.14	tp	0
1-CCASYAGRKGGCRSYVKDG	STREME-1	3.7e-032	chr7:135335670-135336021	12.14	tp	0
1-CCASYAGRKGGCRSYVKDG	STREME-1	3.7e-032	chr7:48299660-48299930	12.14	tp	0
1-CCASYAGRKGGCRSYVKDG	STREME-1	3.7e-032	chr1:159891575-159891895	12.13	tp	0
1-CCASYAGRKGGCRSYVKDG	STREME-1	3.7e-032	chr1:48498142-48498407	12.13	tp	0
1-CCASYAGRKGGCRSYVKDG	STREME-1	3.7e-032	chr2:61898892-61899147	12.12	tp	0
1-CCASYAGRKGGCRSYVKDG	STREME-1	3.7e-032	chr5:175533967-175534651	12.11	fp	0
1-CCASYAGRKGGCRSYVKDG	STREME-1	3.7e-032	chr2:198127662-198127960	12.11	tp	0
1-CCASYAGRKGGCRSYVKDG	STREME-1	3.7e-032	chr16:11356714-11357094	12.10	tp	0
1-CCASYAGRKGGCRSYVKDG	STREME-1	3.7e-032	chr9:104863295-104863567	12.03	tp	0
1-CCASYAGRKGGCRSYVKDG	STREME-1	3.7e-032	chr16:9160178-9160447	12.03	fp	1
1-CCASYAGRKGGCRSYVKDG	STREME-1	3.7e-032	chr11:86218260-86218998	12.02	tp	0
1-CCASYAGRKGGCRSYVKDG	STREME-1	3.7e-032	chr3:190225171-190225394	11.99	tp	0
1-CCASYAGRKGGCRSYVKDG	STREME-1	3.7e-032	chr9:125558493-125558763	11.96	tp	0
1-CCASYAGRKGGCRSYVKDG	STREME-1	3.7e-032	chr16:25276704-25276953	11.96	tp	0
1-CCASYAGRKGGCRSYVKDG	STREME-1	3.7e-032	chr12:101939845-101940112	11.96	tp	0
1-CCASYAGRKGGCRSYVKDG	STREME-1	3.7e-032	chr9:86434016-86434294	11.95	tp	0
1-CCASYAGRKGGCRSYVKDG	STREME-1	3.7e-032	chr18:63848185-63848467	11.95	tp	0
1-CCASYAGRKGGCRSYVKDG	STREME-1	3.7e-032	chr11:19311311-19311808	11.91	tp	0
1-CCASYAGRKGGCRSYVKDG	STREME-1	3.7e-032	chr9:89597987-89598541	11.91	tp	0
1-CCASYAGRKGGCRSYVKDG	STREME-1	3.7e-032	chr5:13957114-13957393	11.90	tp	0
1-CCASYAGRKGGCRSYVKDG	STREME-1	3.7e-032	chr9:98263758-98264071	11.89	tp	0
1-CCASYAGRKGGCRSYVKDG	STREME-1	3.7e-032	chr9:121320018-121320597	11.88	tp	0
1-CCASYAGRKGGCRSYVKDG	STREME-1	3.7e-032	chr4:128220319-128220604	11.84	tp	0
1-CCASYAGRKGGCRSYVKDG	STREME-1	3.7e-032	chr17:1908796-1909047	11.80	tp	0
1-CCASYAGRKGGCRSYVKDG	STREME-1	3.7e-032	chr12:42129674-42129948	11.80	tp	0
1-CCASYAGRKGGCRSYVKDG	STREME-1	3.7e-032	chr14:61252773-61253081	11.78	tp	0
1-CCASYAGRKGGCRSYVKDG	STREME-1	3.7e-032	chr12:70576749-70577525	11.76	fp	0
1-CCASYAGRKGGCRSYVKDG	STREME-1	3.7e-032	chr15:89057526-89057979	11.71	tp	0
1-CCASYAGRKGGCRSYVKDG	STREME-1	3.7e-032	chr9:104915770-104916094	11.70	tp	0
1-CCASYAGRKGGCRSYVKDG	STREME-1	3.7e-032	chr9:89625923-89626264	11.70	fp	0
1-CCASYAGRKGGCRSYVKDG	STREME-1	3.7e-032	chr15:56052824-56053081	11.70	tp	0
1-CCASYAGRKGGCRSYVKDG	STREME-1	3.7e-032	chr10:13371797-13372308	11.69	tp	1
1-CCASYAGRKGGCRSYVKDG	STREME-1	3.7e-032	chr17:77542766-77542997	11.67	tp	0
1-CCASYAGRKGGCRSYVKDG	STREME-1	3.7e-032	chr1:201408167-201408535	11.67	tp	0
1-CCASYAGRKGGCRSYVKDG	STREME-1	3.7e-032	chr4:185039592-185040284	11.66	tp	1
1-CCASYAGRKGGCRSYVKDG	STREME-1	3.7e-032	chr10:101095535-101095911	11.65	fp	0
1-CCASYAGRKGGCRSYVKDG	STREME-1	3.7e-032	chr1:172719573-172720015	11.64	tp	0
1-CCASYAGRKGGCRSYVKDG	STREME-1	3.7e-032	chr6:2738455-2738708	11.64	tp	0
1-CCASYAGRKGGCRSYVKDG	STREME-1	3.7e-032	chr8:106269793-106270847	11.63	tp	0
1-CCASYAGRKGGCRSYVKDG	STREME-1	3.7e-032	chr1:98051131-98051400	11.62	tp	0
1-CCASYAGRKGGCRSYVKDG	STREME-1	3.7e-032	chr17:59753505-59753760	11.61	tp	0
1-CCASYAGRKGGCRSYVKDG	STREME-1	3.7e-032	chr3:99789419-99789669	11.58	tp	1
1-CCASYAGRKGGCRSYVKDG	STREME-1	3.7e-032	chr7:107201862-107202170	11.58	tp	0
1-CCASYAGRKGGCRSYVKDG	STREME-1	3.7e-032	chr1:206982056-206982507	11.56	tp	0
1-CCASYAGRKGGCRSYVKDG	STREME-1	3.7e-032	chr8:142471943-142472229	11.54	tp	0
1-CCASYAGRKGGCRSYVKDG	STREME-1	3.7e-032	chr10:97791862-97792414	11.54	tp	0
1-CCASYAGRKGGCRSYVKDG	STREME-1	3.7e-032	chr7:131945438-131945709	11.52	tp	1
1-CCASYAGRKGGCRSYVKDG	STREME-1	3.7e-032	chr1:28248533-28248757	11.47	tp	0
1-CCASYAGRKGGCRSYVKDG	STREME-1	3.7e-032	chr1:159198021-159198297	11.47	tp	0
1-CCASYAGRKGGCRSYVKDG	STREME-1	3.7e-032	chr3:58994824-58995047	11.47	tp	0
1-CCASYAGRKGGCRSYVKDG	STREME-1	3.7e-032	chr3:187679652-187679989	11.46	tp	0
1-CCASYAGRKGGCRSYVKDG	STREME-1	3.7e-032	chr17:50783142-50783504	11.45	tp	1
1-CCASYAGRKGGCRSYVKDG	STREME-1	3.7e-032	chr18:32552468-32552749	11.45	tp	0
1-CCASYAGRKGGCRSYVKDG	STREME-1	3.7e-032	chr1:205918994-205919371	11.36	tp	0
1-CCASYAGRKGGCRSYVKDG	STREME-1	3.7e-032	chr20:16634715-16634951	11.35	tp	0
1-CCASYAGRKGGCRSYVKDG	STREME-1	3.7e-032	chr1:165129481-165130013	11.34	tp	0
1-CCASYAGRKGGCRSYVKDG	STREME-1	3.7e-032	chr5:151239306-151239582	11.31	tp	1
1-CCASYAGRKGGCRSYVKDG	STREME-1	3.7e-032	chr1:63691993-63692246	11.30	tp	0
1-CCASYAGRKGGCRSYVKDG	STREME-1	3.7e-032	chr2:29841462-29841692	11.29	tp	0
1-CCASYAGRKGGCRSYVKDG	STREME-1	3.7e-032	chr3:36701005-36701262	11.28	tp	0
1-CCASYAGRKGGCRSYVKDG	STREME-1	3.7e-032	chr8:22909021-22909375	11.28	tp	1
1-CCASYAGRKGGCRSYVKDG	STREME-1	3.7e-032	chr5:111550595-111551067	11.27	fp	0
1-CCASYAGRKGGCRSYVKDG	STREME-1	3.7e-032	chr2:222753201-222753883	11.27	tp	0
1-CCASYAGRKGGCRSYVKDG	STREME-1	3.7e-032	chr12:122054364-122054696	11.26	tp	1
1-CCASYAGRKGGCRSYVKDG	STREME-1	3.7e-032	chr10:76303751-76304071	11.25	tp	0
1-CCASYAGRKGGCRSYVKDG	STREME-1	3.7e-032	chr3:99789419-99789669	11.17	fp	0
1-CCASYAGRKGGCRSYVKDG	STREME-1	3.7e-032	chr2:98385049-98385396	11.16	tp	0
1-CCASYAGRKGGCRSYVKDG	STREME-1	3.7e-032	chr16:20383414-20383690	11.16	tp	0
1-CCASYAGRKGGCRSYVKDG	STREME-1	3.7e-032	chr6:41424533-41424771	11.14	tp	1
1-CCASYAGRKGGCRSYVKDG	STREME-1	3.7e-032	chr6:122381552-122381863	11.13	tp	0
1-CCASYAGRKGGCRSYVKDG	STREME-1	3.7e-032	chr11:116641564-116641852	11.12	tp	0
1-CCASYAGRKGGCRSYVKDG	STREME-1	3.7e-032	chr6:106301026-106301274	11.11	tp	0
1-CCASYAGRKGGCRSYVKDG	STREME-1	3.7e-032	chr5:142548600-142549172	11.09	tp	0
1-CCASYAGRKGGCRSYVKDG	STREME-1	3.7e-032	chr15:59528948-59529236	11.08	tp	0
1-CCASYAGRKGGCRSYVKDG	STREME-1	3.7e-032	chr1:206664280-206664481	11.05	tp	0
1-CCASYAGRKGGCRSYVKDG	STREME-1	3.7e-032	chr20:44080795-44081130	11.04	tp	0
1-CCASYAGRKGGCRSYVKDG	STREME-1	3.7e-032	chr11:126607331-126607597	11.04	fp	0
1-CCASYAGRKGGCRSYVKDG	STREME-1	3.7e-032	chr1:66242608-66243018	11.00	tp	0
1-CCASYAGRKGGCRSYVKDG	STREME-1	3.7e-032	chr1:36553896-36554152	11.00	fp	0
1-CCASYAGRKGGCRSYVKDG	STREME-1	3.7e-032	chr3:9503255-9503513	11.00	tp	0
1-CCASYAGRKGGCRSYVKDG	STREME-1	3.7e-032	chr14:69460104-69460442	10.98	tp	0
1-CCASYAGRKGGCRSYVKDG	STREME-1	3.7e-032	chr4:122577882-122578129	10.98	tp	0
1-CCASYAGRKGGCRSYVKDG	STREME-1	3.7e-032	chr1:84753459-84753885	10.96	tp	0
1-CCASYAGRKGGCRSYVKDG	STREME-1	3.7e-032	chr11:73625739-73626026	10.95	fp	0
1-CCASYAGRKGGCRSYVKDG	STREME-1	3.7e-032	chr15:78308476-78308738	10.90	tp	0
1-CCASYAGRKGGCRSYVKDG	STREME-1	3.7e-032	chr2:31170084-31170548	10.89	fp	0
1-CCASYAGRKGGCRSYVKDG	STREME-1	3.7e-032	chr3:70064068-70064659	10.87	tp	0
1-CCASYAGRKGGCRSYVKDG	STREME-1	3.7e-032	chr12:79886980-79887234	10.86	tp	0
1-CCASYAGRKGGCRSYVKDG	STREME-1	3.7e-032	chr15:34708420-34708633	10.86	tp	0
1-CCASYAGRKGGCRSYVKDG	STREME-1	3.7e-032	chr20:47205609-47206038	10.86	tp	1
1-CCASYAGRKGGCRSYVKDG	STREME-1	3.7e-032	chr2:191521709-191521917	10.86	tp	0
1-CCASYAGRKGGCRSYVKDG	STREME-1	3.7e-032	chr7:137656333-137656597	10.85	tp	0
1-CCASYAGRKGGCRSYVKDG	STREME-1	3.7e-032	chr16:48687464-48687774	10.84	tp	0
1-CCASYAGRKGGCRSYVKDG	STREME-1	3.7e-032	chr8:32554719-32554972	10.83	tp	0
1-CCASYAGRKGGCRSYVKDG	STREME-1	3.7e-032	chr2:10009545-10010599	10.83	fp	0
1-CCASYAGRKGGCRSYVKDG	STREME-1	3.7e-032	chrX:43958450-43958864	10.83	tp	0
1-CCASYAGRKGGCRSYVKDG	STREME-1	3.7e-032	chr18:32714578-32714916	10.82	tp	0
1-CCASYAGRKGGCRSYVKDG	STREME-1	3.7e-032	chr6:151675778-151676067	10.81	tp	0
1-CCASYAGRKGGCRSYVKDG	STREME-1	3.7e-032	chr7:33895153-33895791	10.81	fp	0
1-CCASYAGRKGGCRSYVKDG	STREME-1	3.7e-032	chr3:4290360-4290631	10.79	tp	0
1-CCASYAGRKGGCRSYVKDG	STREME-1	3.7e-032	chr9:34500695-34501107	10.75	tp	0
1-CCASYAGRKGGCRSYVKDG	STREME-1	3.7e-032	chr3:71512046-71512331	10.75	tp	0
1-CCASYAGRKGGCRSYVKDG	STREME-1	3.7e-032	chr5:57221015-57221292	10.75	tp	0
1-CCASYAGRKGGCRSYVKDG	STREME-1	3.7e-032	chr6:129936441-129936994	10.72	fp	0
1-CCASYAGRKGGCRSYVKDG	STREME-1	3.7e-032	chr7:95686173-95686449	10.70	tp	0
1-CCASYAGRKGGCRSYVKDG	STREME-1	3.7e-032	chr5:78964946-78965214	10.69	tp	0
1-CCASYAGRKGGCRSYVKDG	STREME-1	3.7e-032	chr9:69971822-69972337	10.68	tp	0
1-CCASYAGRKGGCRSYVKDG	STREME-1	3.7e-032	chr7:25259610-25260027	10.67	tp	0
1-CCASYAGRKGGCRSYVKDG	STREME-1	3.7e-032	chr2:100260730-100261137	10.66	tp	1
1-CCASYAGRKGGCRSYVKDG	STREME-1	3.7e-032	chr14:22391898-22392219	10.63	tp	0
1-CCASYAGRKGGCRSYVKDG	STREME-1	3.7e-032	chr3:17233322-17233779	10.62	tp	0
1-CCASYAGRKGGCRSYVKDG	STREME-1	3.7e-032	chr1:26677297-26677973	10.61	tp	0
1-CCASYAGRKGGCRSYVKDG	STREME-1	3.7e-032	chr3:167350336-167350574	10.60	tp	1
1-CCASYAGRKGGCRSYVKDG	STREME-1	3.7e-032	chr11:67382409-67382990	10.60	tp	0
1-CCASYAGRKGGCRSYVKDG	STREME-1	3.7e-032	chr12:25387508-25387746	10.59	tp	0
1-CCASYAGRKGGCRSYVKDG	STREME-1	3.7e-032	chr5:151239306-151239582	10.59	fp	0
1-CCASYAGRKGGCRSYVKDG	STREME-1	3.7e-032	chr1:34852662-34853203	10.58	tp	0
1-CCASYAGRKGGCRSYVKDG	STREME-1	3.7e-032	chr5:121949885-121950205	10.57	tp	0
1-CCASYAGRKGGCRSYVKDG	STREME-1	3.7e-032	chr14:103091503-103091950	10.55	tp	0
1-CCASYAGRKGGCRSYVKDG	STREME-1	3.7e-032	chr11:13238850-13239401	10.52	tp	0
1-CCASYAGRKGGCRSYVKDG	STREME-1	3.7e-032	chr5:173283631-173284356	10.51	tp	0
1-CCASYAGRKGGCRSYVKDG	STREME-1	3.7e-032	chr5:139262642-139263062	10.50	tp	0
1-CCASYAGRKGGCRSYVKDG	STREME-1	3.7e-032	chr10:73879611-73880052	10.50	tp	0
1-CCASYAGRKGGCRSYVKDG	STREME-1	3.7e-032	chr1:152185636-152185899	10.49	tp	0
1-CCASYAGRKGGCRSYVKDG	STREME-1	3.7e-032	chrX:69387560-69387976	10.49	tp	0
1-CCASYAGRKGGCRSYVKDG	STREME-1	3.7e-032	chr9:111621980-111622230	10.49	tp	0
1-CCASYAGRKGGCRSYVKDG	STREME-1	3.7e-032	chr4:69881218-69881486	10.47	tp	0
1-CCASYAGRKGGCRSYVKDG	STREME-1	3.7e-032	chr1:206544766-206545147	10.46	tp	0
1-CCASYAGRKGGCRSYVKDG	STREME-1	3.7e-032	chr20:19205961-19206310	10.46	fp	0
1-CCASYAGRKGGCRSYVKDG	STREME-1	3.7e-032	chr4:54318972-54319266	10.45	tp	0
1-CCASYAGRKGGCRSYVKDG	STREME-1	3.7e-032	chr12:3777267-3777510	10.42	tp	0
1-CCASYAGRKGGCRSYVKDG	STREME-1	3.7e-032	chr1:44655618-44655893	10.42	tp	0
1-CCASYAGRKGGCRSYVKDG	STREME-1	3.7e-032	chr3:35965973-35966188	10.41	tp	0
1-CCASYAGRKGGCRSYVKDG	STREME-1	3.7e-032	chr2:10659891-10660463	10.40	tp	0
1-CCASYAGRKGGCRSYVKDG	STREME-1	3.7e-032	chr2:68925370-68925626	10.36	tp	0
1-CCASYAGRKGGCRSYVKDG	STREME-1	3.7e-032	chr15:37995674-37996061	10.34	tp	0
1-CCASYAGRKGGCRSYVKDG	STREME-1	3.7e-032	chr2:24382458-24382710	10.33	tp	0
1-CCASYAGRKGGCRSYVKDG	STREME-1	3.7e-032	chr1:206664280-206664481	10.31	fp	0
1-CCASYAGRKGGCRSYVKDG	STREME-1	3.7e-032	chr15:40905990-40906770	10.31	tp	0
1-CCASYAGRKGGCRSYVKDG	STREME-1	3.7e-032	chrX:101595951-101596569	10.31	tp	0
1-CCASYAGRKGGCRSYVKDG	STREME-1	3.7e-032	chr18:26813095-26813382	10.24	tp	0
1-CCASYAGRKGGCRSYVKDG	STREME-1	3.7e-032	chr1:212062936-212063193	10.24	tp	1
1-CCASYAGRKGGCRSYVKDG	STREME-1	3.7e-032	chr4:182925305-182925678	10.23	tp	0
1-CCASYAGRKGGCRSYVKDG	STREME-1	3.7e-032	chr14:50860543-50860823	10.19	tp	0
1-CCASYAGRKGGCRSYVKDG	STREME-1	3.7e-032	chr22:29154487-29154749	10.19	tp	0
1-CCASYAGRKGGCRSYVKDG	STREME-1	3.7e-032	chr8:70534470-70534786	10.18	tp	0
1-CCASYAGRKGGCRSYVKDG	STREME-1	3.7e-032	chr8:60135979-60136575	10.17	tp	0
1-CCASYAGRKGGCRSYVKDG	STREME-1	3.7e-032	chrX:137194221-137194490	10.16	tp	0
1-CCASYAGRKGGCRSYVKDG	STREME-1	3.7e-032	chr8:37916116-37916561	10.14	tp	0
1-CCASYAGRKGGCRSYVKDG	STREME-1	3.7e-032	chr12:79555542-79555832	10.14	tp	0
1-CCASYAGRKGGCRSYVKDG	STREME-1	3.7e-032	chr5:77645311-77645988	10.12	tp	0
1-CCASYAGRKGGCRSYVKDG	STREME-1	3.7e-032	chr4:82739206-82739799	10.11	tp	0
1-CCASYAGRKGGCRSYVKDG	STREME-1	3.7e-032	chr14:23588970-23589506	10.11	fp	1
1-CCASYAGRKGGCRSYVKDG	STREME-1	3.7e-032	chr3:188060999-188061602	10.10	tp	0
#
2-CAAAGKTCAMWG	STREME-2	1.1e-002	chr18:28116464-28116840	16.33	tp	0
2-CAAAGKTCAMWG	STREME-2	1.1e-002	chr12:65510564-65510984	16.33	tp	0
2-CAAAGKTCAMWG	STREME-2	1.1e-002	chr5:134506032-134506724	15.91	tp	0
2-CAAAGKTCAMWG	STREME-2	1.1e-002	chr10:114719232-114719772	15.81	tp	0
2-CAAAGKTCAMWG	STREME-2	1.1e-002	chr7:87497447-87497900	15.71	tp	0
2-CAAAGKTCAMWG	STREME-2	1.1e-002	chr20:57555469-57556005	15.71	fp	0
2-CAAAGKTCAMWG	STREME-2	1.1e-002	chr5:58891529-58892023	15.65	tp	0
2-CAAAGKTCAMWG	STREME-2	1.1e-002	chr9:35882306-35882674	15.58	tp	0
2-CAAAGKTCAMWG	STREME-2	1.1e-002	chr14:31265725-31266310	15.42	tp	0
2-CAAAGKTCAMWG	STREME-2	1.1e-002	chr9:107175036-107175367	15.42	tp	0
2-CAAAGKTCAMWG	STREME-2	1.1e-002	chr2:219111558-219111987	15.41	tp	0
2-CAAAGKTCAMWG	STREME-2	1.1e-002	chr8:85551899-85552185	15.23	fp	0
2-CAAAGKTCAMWG	STREME-2	1.1e-002	chr11:35927700-35928125	14.92	fp	0
2-CAAAGKTCAMWG	STREME-2	1.1e-002	chr1:214126556-214127199	14.91	tp	0
2-CAAAGKTCAMWG	STREME-2	1.1e-002	chr9:72592630-72593056	14.91	tp	0
2-CAAAGKTCAMWG	STREME-2	1.1e-002	chr11:14619990-14620729	14.81	fp	0
2-CAAAGKTCAMWG	STREME-2	1.1e-002	chr15:41790707-41790975	14.74	tp	0
2-CAAAGKTCAMWG	STREME-2	1.1e-002	chr15:57437601-57438191	14.74	tp	0
2-CAAAGKTCAMWG	STREME-2	1.1e-002	chr13:30046949-30047691	14.68	tp	0
2-CAAAGKTCAMWG	STREME-2	1.1e-002	chr4:37647994-37648633	14.55	tp	0
2-CAAAGKTCAMWG	STREME-2	1.1e-002	chr15:65057179-65057516	14.55	tp	0
2-CAAAGKTCAMWG	STREME-2	1.1e-002	chr15:98794799-98795114	14.53	fp	0
2-CAAAGKTCAMWG	STREME-2	1.1e-002	chr7:23020851-23021272	14.51	tp	0
2-CAAAGKTCAMWG	STREME-2	1.1e-002	chr12:93314407-93315110	14.50	tp	0
2-CAAAGKTCAMWG	STREME-2	1.1e-002	chr9:99266274-99266992	14.45	tp	0
2-CAAAGKTCAMWG	STREME-2	1.1e-002	chr3:105503006-105503778	14.40	tp	0
2-CAAAGKTCAMWG	STREME-2	1.1e-002	chr2:45969118-45969733	14.36	tp	0
2-CAAAGKTCAMWG	STREME-2	1.1e-002	chr2:191521709-191521917	14.33	tp	0
2-CAAAGKTCAMWG	STREME-2	1.1e-002	chr20:22507252-22507583	14.30	tp	0
2-CAAAGKTCAMWG	STREME-2	1.1e-002	chr1:212257201-212257488	14.13	tp	0
2-CAAAGKTCAMWG	STREME-2	1.1e-002	chr6:10801287-10801557	14.00	fp	0
2-CAAAGKTCAMWG	STREME-2	1.1e-002	chr3:150771529-150771958	13.96	tp	0
2-CAAAGKTCAMWG	STREME-2	1.1e-002	chr1:61319784-61320257	13.96	tp	0
2-CAAAGKTCAMWG	STREME-2	1.1e-002	chr2:99636452-99637087	13.90	fp	0
2-CAAAGKTCAMWG	STREME-2	1.1e-002	chr3:150227814-150228200	13.87	tp	0
2-CAAAGKTCAMWG	STREME-2	1.1e-002	chr4:138910641-138911661	13.72	tp	0
2-CAAAGKTCAMWG	STREME-2	1.1e-002	chr3:14426067-14426399	13.70	tp	0
2-CAAAGKTCAMWG	STREME-2	1.1e-002	chr7:96416599-96416884	13.70	tp	0
2-CAAAGKTCAMWG	STREME-2	1.1e-002	chr13:75687253-75687478	13.67	tp	0
2-CAAAGKTCAMWG	STREME-2	1.1e-002	chr13:48749732-48750124	13.66	tp	0
2-CAAAGKTCAMWG	STREME-2	1.1e-002	chr12:61894018-61894652	13.66	tp	0
2-CAAAGKTCAMWG	STREME-2	1.1e-002	chr8:102814655-102814935	13.66	fp	0
2-CAAAGKTCAMWG	STREME-2	1.1e-002	chr18:28073663-28073985	13.62	tp	0
2-CAAAGKTCAMWG	STREME-2	1.1e-002	chrX:74535361-74535582	13.61	tp	0
2-CAAAGKTCAMWG	STREME-2	1.1e-002	chr9:110220641-110221210	13.60	tp	0
2-CAAAGKTCAMWG	STREME-2	1.1e-002	chr8:60396915-60397481	13.40	tp	0
2-CAAAGKTCAMWG	STREME-2	1.1e-002	chr1:94383846-94384465	13.40	tp	0
2-CAAAGKTCAMWG	STREME-2	1.1e-002	chr22:41403768-41404315	13.39	tp	0
2-CAAAGKTCAMWG	STREME-2	1.1e-002	chr19:33247319-33247816	13.35	tp	0
2-CAAAGKTCAMWG	STREME-2	1.1e-002	chr17:2545372-2545849	13.30	tp	0
2-CAAAGKTCAMWG	STREME-2	1.1e-002	chr9:14768479-14768844	13.28	tp	0
2-CAAAGKTCAMWG	STREME-2	1.1e-002	chr2:85510998-85511346	13.28	tp	0
2-CAAAGKTCAMWG	STREME-2	1.1e-002	chr20:57577583-57578411	13.26	tp	0
2-CAAAGKTCAMWG	STREME-2	1.1e-002	chr11:129315563-129316183	13.26	fp	1
2-CAAAGKTCAMWG	STREME-2	1.1e-002	chr3:123750740-123751089	13.21	tp	0
2-CAAAGKTCAMWG	STREME-2	1.1e-002	chr14:65095838-65096235	13.13	tp	0
2-CAAAGKTCAMWG	STREME-2	1.1e-002	chr20:22429225-22429853	13.10	tp	0
2-CAAAGKTCAMWG	STREME-2	1.1e-002	chr8:118029564-118030247	13.10	fp	0
2-CAAAGKTCAMWG	STREME-2	1.1e-002	chr3:52428587-52429193	13.06	fp	0
2-CAAAGKTCAMWG	STREME-2	1.1e-002	chr18:45066836-45067238	13.05	tp	0
2-CAAAGKTCAMWG	STREME-2	1.1e-002	chr11:46537873-46538162	13.02	fp	0
2-CAAAGKTCAMWG	STREME-2	1.1e-002	chr8:13224324-13224919	12.95	tp	0
2-CAAAGKTCAMWG	STREME-2	1.1e-002	chr20:10536279-10536940	12.94	tp	0
2-CAAAGKTCAMWG	STREME-2	1.1e-002	chr18:28091268-28091540	12.89	tp	0
2-CAAAGKTCAMWG	STREME-2	1.1e-002	chr2:210129030-210129269	12.89	fp	0
2-CAAAGKTCAMWG	STREME-2	1.1e-002	chr5:91026030-91026317	12.86	tp	0
2-CAAAGKTCAMWG	STREME-2	1.1e-002	chr8:97582296-97582952	12.86	fp	0
2-CAAAGKTCAMWG	STREME-2	1.1e-002	chr1:209747530-209748294	12.86	fp	0
2-CAAAGKTCAMWG	STREME-2	1.1e-002	chr10:52817988-52818410	12.83	fp	0
2-CAAAGKTCAMWG	STREME-2	1.1e-002	chr10:63115601-63116176	12.82	tp	0
2-CAAAGKTCAMWG	STREME-2	1.1e-002	chr3:124217592-124218051	12.82	tp	0
2-CAAAGKTCAMWG	STREME-2	1.1e-002	chr6:134849848-134850557	12.82	tp	1
2-CAAAGKTCAMWG	STREME-2	1.1e-002	chr1:36516266-36516730	12.82	tp	0
2-CAAAGKTCAMWG	STREME-2	1.1e-002	chr12:89344066-89344420	12.72	tp	0
2-CAAAGKTCAMWG	STREME-2	1.1e-002	chr7:95578468-95578970	12.72	tp	0
2-CAAAGKTCAMWG	STREME-2	1.1e-002	chr8:41929508-41929858	12.72	tp	0
2-CAAAGKTCAMWG	STREME-2	1.1e-002	chr1:150021154-150021752	12.71	tp	1
2-CAAAGKTCAMWG	STREME-2	1.1e-002	chr1:175887994-175888281	12.71	tp	0
2-CAAAGKTCAMWG	STREME-2	1.1e-002	chr9:37438382-37438714	12.69	tp	1
2-CAAAGKTCAMWG	STREME-2	1.1e-002	chr9:109730241-109730568	12.63	tp	0
2-CAAAGKTCAMWG	STREME-2	1.1e-002	chr9:91210268-91210699	12.63	tp	0
2-CAAAGKTCAMWG	STREME-2	1.1e-002	chr1:204207101-204207498	12.61	tp	0
2-CAAAGKTCAMWG	STREME-2	1.1e-002	chr1:234957412-234957715	12.60	tp	0
2-CAAAGKTCAMWG	STREME-2	1.1e-002	chr8:17786940-17787588	12.55	tp	0
2-CAAAGKTCAMWG	STREME-2	1.1e-002	chr5:147822717-147823056	12.54	fp	1
2-CAAAGKTCAMWG	STREME-2	1.1e-002	chr5:173672935-173673951	12.52	fp	0
2-CAAAGKTCAMWG	STREME-2	1.1e-002	chr22:18035751-18036159	12.48	tp	1
2-CAAAGKTCAMWG	STREME-2	1.1e-002	chr3:150252486-150252843	12.46	tp	0
2-CAAAGKTCAMWG	STREME-2	1.1e-002	chr5:78008431-78008667	12.45	tp	0
2-CAAAGKTCAMWG	STREME-2	1.1e-002	chr2:177273282-177273817	12.39	tp	0
2-CAAAGKTCAMWG	STREME-2	1.1e-002	chr11:76769549-76770014	12.38	tp	0
2-CAAAGKTCAMWG	STREME-2	1.1e-002	chr1:234984440-234984739	12.32	tp	0
2-CAAAGKTCAMWG	STREME-2	1.1e-002	chr1:204295713-204295984	12.25	tp	0
2-CAAAGKTCAMWG	STREME-2	1.1e-002	chr22:45553600-45554331	12.25	fp	0
2-CAAAGKTCAMWG	STREME-2	1.1e-002	chr17:10737185-10737782	12.24	tp	0
2-CAAAGKTCAMWG	STREME-2	1.1e-002	chr2:26735920-26736704	12.23	tp	0
2-CAAAGKTCAMWG	STREME-2	1.1e-002	chr1:244089656-244090131	12.21	tp	0
2-CAAAGKTCAMWG	STREME-2	1.1e-002	chr14:72849186-72849748	12.21	tp	0
2-CAAAGKTCAMWG	STREME-2	1.1e-002	chr3:129829603-129829986	12.20	fp	0
2-CAAAGKTCAMWG	STREME-2	1.1e-002	chr6:16821672-16822322	12.19	fp	0
2-CAAAGKTCAMWG	STREME-2	1.1e-002	chrX:74382586-74383024	12.16	fp	0
2-CAAAGKTCAMWG	STREME-2	1.1e-002	chr11:114171076-114171852	12.16	tp	0
2-CAAAGKTCAMWG	STREME-2	1.1e-002	chr14:101506182-101506797	12.16	tp	0
2-CAAAGKTCAMWG	STREME-2	1.1e-002	chr12:98500801-98501270	12.16	tp	1
2-CAAAGKTCAMWG	STREME-2	1.1e-002	chr16:81532528-81533020	12.15	tp	0
2-CAAAGKTCAMWG	STREME-2	1.1e-002	chr8:117303997-117304446	12.11	fp	0
2-CAAAGKTCAMWG	STREME-2	1.1e-002	chr8:70534470-70534786	12.08	fp	0
2-CAAAGKTCAMWG	STREME-2	1.1e-002	chr3:20054501-20055234	12.06	fp	0
2-CAAAGKTCAMWG	STREME-2	1.1e-002	chr16:67771496-67772082	12.03	tp	0
2-CAAAGKTCAMWG	STREME-2	1.1e-002	chr16:21640740-21641007	12.00	tp	0
2-CAAAGKTCAMWG	STREME-2	1.1e-002	chr11:35927700-35928125	11.99	tp	0
2-CAAAGKTCAMWG	STREME-2	1.1e-002	chr20:57531978-57532541	11.98	fp	0
2-CAAAGKTCAMWG	STREME-2	1.1e-002	chr6:16821672-16822322	11.97	tp	0
2-CAAAGKTCAMWG	STREME-2	1.1e-002	chr2:222971727-222972315	11.96	tp	0
2-CAAAGKTCAMWG	STREME-2	1.1e-002	chr3:78844188-78844725	11.94	tp	0
2-CAAAGKTCAMWG	STREME-2	1.1e-002	chr16:78483464-78483720	11.94	tp	0
2-CAAAGKTCAMWG	STREME-2	1.1e-002	chr15:57923331-57923783	11.92	tp	0
2-CAAAGKTCAMWG	STREME-2	1.1e-002	chr11:82864226-82864744	11.92	tp	0
2-CAAAGKTCAMWG	STREME-2	1.1e-002	chr12:91381951-91382478	11.88	fp	0
2-CAAAGKTCAMWG	STREME-2	1.1e-002	chr1:111704291-111704572	11.87	tp	0
2-CAAAGKTCAMWG	STREME-2	1.1e-002	chr14:80850247-80850521	11.87	fp	0
2-CAAAGKTCAMWG	STREME-2	1.1e-002	chr2:71510248-71510669	11.85	tp	1
2-CAAAGKTCAMWG	STREME-2	1.1e-002	chr11:14319976-14320443	11.83	tp	0
2-CAAAGKTCAMWG	STREME-2	1.1e-002	chr4:98467568-98468187	11.83	tp	0
2-CAAAGKTCAMWG	STREME-2	1.1e-002	chr1:212291543-212291814	11.83	tp	0
2-CAAAGKTCAMWG	STREME-2	1.1e-002	chr1:201792982-201793342	11.82	fp	0
2-CAAAGKTCAMWG	STREME-2	1.1e-002	chr5:95858603-95859317	11.80	fp	0
2-CAAAGKTCAMWG	STREME-2	1.1e-002	chr11:100576475-100576727	11.79	tp	0
2-CAAAGKTCAMWG	STREME-2	1.1e-002	chr7:106947296-106947562	11.79	fp	0
2-CAAAGKTCAMWG	STREME-2	1.1e-002	chr2:210248719-210249043	11.78	fp	0
2-CAAAGKTCAMWG	STREME-2	1.1e-002	chr5:138503810-138504061	11.75	fp	1
2-CAAAGKTCAMWG	STREME-2	1.1e-002	chr12:95574895-95575282	11.75	fp	0
2-CAAAGKTCAMWG	STREME-2	1.1e-002	chr13:95403812-95404774	11.74	tp	0
2-CAAAGKTCAMWG	STREME-2	1.1e-002	chr12:20646342-20646596	11.72	tp	0
2-CAAAGKTCAMWG	STREME-2	1.1e-002	chr1:152001617-152002070	11.68	fp	0
2-CAAAGKTCAMWG	STREME-2	1.1e-002	chr13:109604960-109605226	11.67	tp	0
2-CAAAGKTCAMWG	STREME-2	1.1e-002	chr4:138870909-138871445	11.64	tp	1
2-CAAAGKTCAMWG	STREME-2	1.1e-002	chr19:33247319-33247816	11.60	fp	0
2-CAAAGKTCAMWG	STREME-2	1.1e-002	chr8:93975079-93975471	11.59	tp	0
2-CAAAGKTCAMWG	STREME-2	1.1e-002	chr11:116888880-116889441	11.59	fp	0
2-CAAAGKTCAMWG	STREME-2	1.1e-002	chr1:207848189-207848663	11.57	tp	0
2-CAAAGKTCAMWG	STREME-2	1.1e-002	chr7:130918221-130918645	11.57	fp	0
2-CAAAGKTCAMWG	STREME-2	1.1e-002	chr7:115005977-115006423	11.54	tp	1
2-CAAAGKTCAMWG	STREME-2	1.1e-002	chr5:95857168-95857746	11.51	tp	0
2-CAAAGKTCAMWG	STREME-2	1.1e-002	chr4:87849062-87849331	11.51	tp	0
2-CAAAGKTCAMWG	STREME-2	1.1e-002	chr11:93570695-93571283	11.48	tp	0
2-CAAAGKTCAMWG	STREME-2	1.1e-002	chr18:58493584-58494267	11.48	tp	0
2-CAAAGKTCAMWG	STREME-2	1.1e-002	chr15:78308476-78308738	11.44	fp	0
2-CAAAGKTCAMWG	STREME-2	1.1e-002	chr7:116984751-116985126	11.36	tp	1
2-CAAAGKTCAMWG	STREME-2	1.1e-002	chr11:7442303-7443015	11.32	fp	0
2-CAAAGKTCAMWG	STREME-2	1.1e-002	chr12:49121016-49121432	11.31	tp	0
2-CAAAGKTCAMWG	STREME-2	1.1e-002	chr4:14867839-14868282	11.31	tp	0
2-CAAAGKTCAMWG	STREME-2	1.1e-002	chr4:83639818-83640298	11.31	tp	0
2-CAAAGKTCAMWG	STREME-2	1.1e-002	chr2:99636452-99637087	11.30	tp	0
2-CAAAGKTCAMWG	STREME-2	1.1e-002	chr7:28922679-28922923	11.30	tp	1
2-CAAAGKTCAMWG	STREME-2	1.1e-002	chr10:109965445-109965878	11.29	tp	0
2-CAAAGKTCAMWG	STREME-2	1.1e-002	chr18:58413783-58414671	11.29	tp	0
2-CAAAGKTCAMWG	STREME-2	1.1e-002	chr5:142814172-142814440	11.29	tp	0
2-CAAAGKTCAMWG	STREME-2	1.1e-002	chr3:101665379-101665649	11.28	tp	0
2-CAAAGKTCAMWG	STREME-2	1.1e-002	chr2:43268649-43269511	11.27	tp	0
2-CAAAGKTCAMWG	STREME-2	1.1e-002	chr4:76067595-76068084	11.24	tp	0
2-CAAAGKTCAMWG	STREME-2	1.1e-002	chr2:84314696-84315299	11.23	fp	0
2-CAAAGKTCAMWG	STREME-2	1.1e-002	chr6:37083257-37084001	11.22	tp	1
2-CAAAGKTCAMWG	STREME-2	1.1e-002	chr9:123738654-123739055	11.21	tp	0
2-CAAAGKTCAMWG	STREME-2	1.1e-002	chr9:87324527-87324943	11.21	tp	1
2-CAAAGKTCAMWG	STREME-2	1.1e-002	chr14:103896913-103897607	11.21	tp	0
2-CAAAGKTCAMWG	STREME-2	1.1e-002	chr1:227437601-227438004	11.17	tp	0
2-CAAAGKTCAMWG	STREME-2	1.1e-002	chr7:8723941-8724468	11.17	fp	0
2-CAAAGKTCAMWG	STREME-2	1.1e-002	chr4:119041996-119042283	11.15	fp	0
2-CAAAGKTCAMWG	STREME-2	1.1e-002	chr20:37886927-37887359	11.13	fp	0
2-CAAAGKTCAMWG	STREME-2	1.1e-002	chrX:151151567-151152166	11.13	tp	0
2-CAAAGKTCAMWG	STREME-2	1.1e-002	chr16:66315244-66315762	11.10	tp	0
2-CAAAGKTCAMWG	STREME-2	1.1e-002	chr1:182293260-182293580	11.04	fp	0
2-CAAAGKTCAMWG	STREME-2	1.1e-002	chr3:136391708-136391934	11.04	tp	0
2-CAAAGKTCAMWG	STREME-2	1.1e-002	chr14:51283250-51283843	11.02	fp	0
2-CAAAGKTCAMWG	STREME-2	1.1e-002	chr6:157264669-157264999	11.01	tp	0
2-CAAAGKTCAMWG	STREME-2	1.1e-002	chr12:95802646-95803219	10.98	tp	0
2-CAAAGKTCAMWG	STREME-2	1.1e-002	chr3:66372718-66372993	10.97	tp	0
2-CAAAGKTCAMWG	STREME-2	1.1e-002	chr3:126275093-126275686	10.95	fp	1
2-CAAAGKTCAMWG	STREME-2	1.1e-002	chr13:100542783-100543099	10.95	tp	1
2-CAAAGKTCAMWG	STREME-2	1.1e-002	chr2:165008708-165009298	10.95	fp	0
2-CAAAGKTCAMWG	STREME-2	1.1e-002	chr1:172719573-172720015	10.95	tp	0
2-CAAAGKTCAMWG	STREME-2	1.1e-002	chrX:41781562-41781842	10.92	fp	0
2-CAAAGKTCAMWG	STREME-2	1.1e-002	chr12:109721360-109721645	10.92	tp	0
2-CAAAGKTCAMWG	STREME-2	1.1e-002	chr17:2828492-2828821	10.91	tp	0
2-CAAAGKTCAMWG	STREME-2	1.1e-002	chr11:18259106-18259828	10.89	tp	0
2-CAAAGKTCAMWG	STREME-2	1.1e-002	chr8:56248345-56248578	10.88	fp	0
2-CAAAGKTCAMWG	STREME-2	1.1e-002	chr6:136669256-136669675	10.87	tp	0
2-CAAAGKTCAMWG	STREME-2	1.1e-002	chr17:55496250-55496756	10.85	tp	0
2-CAAAGKTCAMWG	STREME-2	1.1e-002	chr17:55302058-55302504	10.84	fp	0
2-CAAAGKTCAMWG	STREME-2	1.1e-002	chr2:85813932-85814530	10.84	tp	0
2-CAAAGKTCAMWG	STREME-2	1.1e-002	chr2:72973642-72974032	10.83	tp	0
2-CAAAGKTCAMWG	STREME-2	1.1e-002	chr8:19227537-19227849	10.82	tp	1
2-CAAAGKTCAMWG	STREME-2	1.1e-002	chr12:124906620-124907106	10.81	tp	0
2-CAAAGKTCAMWG	STREME-2	1.1e-002	chr1:223684084-223684552	10.81	tp	1
2-CAAAGKTCAMWG	STREME-2	1.1e-002	chr17:50919666-50920072	10.80	tp	1
2-CAAAGKTCAMWG	STREME-2	1.1e-002	chr1:214030495-214030914	10.79	tp	0
2-CAAAGKTCAMWG	STREME-2	1.1e-002	chr17:13952053-13952979	10.79	tp	0
2-CAAAGKTCAMWG	STREME-2	1.1e-002	chr17:31722109-31723014	10.79	fp	0
2-CAAAGKTCAMWG	STREME-2	1.1e-002	chr1:209569514-209569763	10.77	tp	1
2-CAAAGKTCAMWG	STREME-2	1.1e-002	chr15:48352506-48352900	10.76	fp	0
2-CAAAGKTCAMWG	STREME-2	1.1e-002	chr2:198127662-198127960	10.75	tp	0
2-CAAAGKTCAMWG	STREME-2	1.1e-002	chr20:8721134-8721415	10.73	fp	0
2-CAAAGKTCAMWG	STREME-2	1.1e-002	chr2:18387467-18388179	10.73	tp	0
2-CAAAGKTCAMWG	STREME-2	1.1e-002	chr18:35059956-35060490	10.73	tp	0
2-CAAAGKTCAMWG	STREME-2	1.1e-002	chr1:201448074-201448589	10.71	tp	0
2-CAAAGKTCAMWG	STREME-2	1.1e-002	chr15:69561266-69561879	10.70	tp	0
2-CAAAGKTCAMWG	STREME-2	1.1e-002	chr11:126431639-126432185	10.69	tp	1
2-CAAAGKTCAMWG	STREME-2	1.1e-002	chr9:131422400-131422857	10.69	fp	0
2-CAAAGKTCAMWG	STREME-2	1.1e-002	chr5:151825411-151825796	10.69	tp	0
2-CAAAGKTCAMWG	STREME-2	1.1e-002	chr21:29188006-29188293	10.66	tp	0
2-CAAAGKTCAMWG	STREME-2	1.1e-002	chr3:160707358-160708045	10.65	tp	0
2-CAAAGKTCAMWG	STREME-2	1.1e-002	chr6:18433110-18433368	10.65	tp	0
2-CAAAGKTCAMWG	STREME-2	1.1e-002	chr4:89024104-89024663	10.64	tp	0
2-CAAAGKTCAMWG	STREME-2	1.1e-002	chr3:133694942-133695214	10.64	tp	0
2-CAAAGKTCAMWG	STREME-2	1.1e-002	chr7:106947296-106947562	10.63	tp	0
2-CAAAGKTCAMWG	STREME-2	1.1e-002	chr1:201792982-201793342	10.63	tp	0
2-CAAAGKTCAMWG	STREME-2	1.1e-002	chr1:115138947-115139376	10.62	fp	0
2-CAAAGKTCAMWG	STREME-2	1.1e-002	chr1:210400370-210400951	10.62	tp	0
2-CAAAGKTCAMWG	STREME-2	1.1e-002	chr22:40155931-40156350	10.61	fp	0
2-CAAAGKTCAMWG	STREME-2	1.1e-002	chr2:164878430-164879276	10.60	tp	0
2-CAAAGKTCAMWG	STREME-2	1.1e-002	chr2:100814464-100815025	10.60	tp	0
2-CAAAGKTCAMWG	STREME-2	1.1e-002	chr9:116660956-116661589	10.60	fp	0
2-CAAAGKTCAMWG	STREME-2	1.1e-002	chr16:88473801-88474373	10.60	tp	0
2-CAAAGKTCAMWG	STREME-2	1.1e-002	chr3:36958646-36959092	10.59	fp	0
2-CAAAGKTCAMWG	STREME-2	1.1e-002	chr1:162873958-162874540	10.59	fp	0
2-CAAAGKTCAMWG	STREME-2	1.1e-002	chr5:173672935-173673951	10.58	tp	0
2-CAAAGKTCAMWG	STREME-2	1.1e-002	chr11:4182116-4182435	10.57	fp	0
2-CAAAGKTCAMWG	STREME-2	1.1e-002	chr4:128454192-128454770	10.57	tp	0
2-CAAAGKTCAMWG	STREME-2	1.1e-002	chr1:58922253-58922943	10.56	fp	0
2-CAAAGKTCAMWG	STREME-2	1.1e-002	chrX:74535361-74535582	10.55	fp	0
2-CAAAGKTCAMWG	STREME-2	1.1e-002	chr1:62733510-62734540	10.55	tp	0
2-CAAAGKTCAMWG	STREME-2	1.1e-002	chr17:65074676-65075223	10.54	tp	1
2-CAAAGKTCAMWG	STREME-2	1.1e-002	chr12:57905008-57905784	10.54	tp	0
2-CAAAGKTCAMWG	STREME-2	1.1e-002	chrX:124388642-124388899	10.54	tp	1
2-CAAAGKTCAMWG	STREME-2	1.1e-002	chr10:81820524-81820752	10.53	fp	0
2-CAAAGKTCAMWG	STREME-2	1.1e-002	chr6:138590928-138591183	10.53	tp	0
2-CAAAGKTCAMWG	STREME-2	1.1e-002	chr2:101328100-101329021	10.53	tp	0
2-CAAAGKTCAMWG	STREME-2	1.1e-002	chr9:14251132-14251882	10.49	tp	0
2-CAAAGKTCAMWG	STREME-2	1.1e-002	chr1:86833429-86834023	10.46	fp	0
2-CAAAGKTCAMWG	STREME-2	1.1e-002	chr5:38809757-38810114	10.46	tp	0
2-CAAAGKTCAMWG	STREME-2	1.1e-002	chr11:12802517-12803112	10.44	tp	0
2-CAAAGKTCAMWG	STREME-2	1.1e-002	chr14:60686998-60687236	10.44	fp	0
2-CAAAGKTCAMWG	STREME-2	1.1e-002	chr2:231601712-231601922	10.42	tp	0
2-CAAAGKTCAMWG	STREME-2	1.1e-002	chr8:100574061-100574449	10.41	tp	0
2-CAAAGKTCAMWG	STREME-2	1.1e-002	chr3:39180629-39181271	10.41	tp	0
2-CAAAGKTCAMWG	STREME-2	1.1e-002	chr3:124761300-124761864	10.37	fp	0
2-CAAAGKTCAMWG	STREME-2	1.1e-002	chr14:91911620-91911902	10.36	tp	0
2-CAAAGKTCAMWG	STREME-2	1.1e-002	chr6:39281231-39281841	10.35	tp	0
2-CAAAGKTCAMWG	STREME-2	1.1e-002	chr6:79713660-79713990	10.35	tp	0
2-CAAAGKTCAMWG	STREME-2	1.1e-002	chr20:20664844-20665090	10.35	fp	0
2-CAAAGKTCAMWG	STREME-2	1.1e-002	chr3:19885483-19885832	10.34	tp	0
2-CAAAGKTCAMWG	STREME-2	1.1e-002	chr11:19981256-19981833	10.34	tp	0
2-CAAAGKTCAMWG	STREME-2	1.1e-002	chr4:184968764-184969306	10.33	tp	0
2-CAAAGKTCAMWG	STREME-2	1.1e-002	chr10:124475961-124476523	10.33	tp	0
2-CAAAGKTCAMWG	STREME-2	1.1e-002	chr7:87339127-87339931	10.33	tp	1
2-CAAAGKTCAMWG	STREME-2	1.1e-002	chr1:200640928-200641266	10.31	tp	0
2-CAAAGKTCAMWG	STREME-2	1.1e-002	chr3:142941429-142942232	10.31	tp	0
2-CAAAGKTCAMWG	STREME-2	1.1e-002	chr12:95574895-95575282	10.29	tp	0
2-CAAAGKTCAMWG	STREME-2	1.1e-002	chr3:70064068-70064659	10.29	fp	0
2-CAAAGKTCAMWG	STREME-2	1.1e-002	chr2:202178310-202178786	10.29	tp	0
2-CAAAGKTCAMWG	STREME-2	1.1e-002	chr11:68099479-68099991	10.28	tp	0
2-CAAAGKTCAMWG	STREME-2	1.1e-002	chr7:112129728-112130429	10.28	tp	0
2-CAAAGKTCAMWG	STREME-2	1.1e-002	chr1:47388579-47389194	10.27	tp	0
2-CAAAGKTCAMWG	STREME-2	1.1e-002	chr4:73704436-73705223	10.27	tp	0
2-CAAAGKTCAMWG	STREME-2	1.1e-002	chr3:47434886-47435252	10.26	tp	0
2-CAAAGKTCAMWG	STREME-2	1.1e-002	chr1:155091086-155091947	10.25	tp	0
2-CAAAGKTCAMWG	STREME-2	1.1e-002	chr14:89458488-89459345	10.25	tp	0
2-CAAAGKTCAMWG	STREME-2	1.1e-002	chr5:136123165-136123904	10.23	tp	0
2-CAAAGKTCAMWG	STREME-2	1.1e-002	chr13:40368548-40368837	10.23	fp	1
2-CAAAGKTCAMWG	STREME-2	1.1e-002	chr1:200180689-200181195	10.23	tp	1
2-CAAAGKTCAMWG	STREME-2	1.1e-002	chr9:133792966-133793468	10.21	fp	0
2-CAAAGKTCAMWG	STREME-2	1.1e-002	chr1:214123169-214123512	10.18	fp	0
2-CAAAGKTCAMWG	STREME-2	1.1e-002	chr5:132883289-132883615	10.18	tp	0
2-CAAAGKTCAMWG	STREME-2	1.1e-002	chr4:108703991-108704473	10.17	fp	0
2-CAAAGKTCAMWG	STREME-2	1.1e-002	chr3:123102698-123103389	10.16	fp	0
2-CAAAGKTCAMWG	STREME-2	1.1e-002	chr6:132596215-132596543	10.15	tp	1
2-CAAAGKTCAMWG	STREME-2	1.1e-002	chr8:107813498-107813777	10.15	tp	0
2-CAAAGKTCAMWG	STREME-2	1.1e-002	chr3:152203037-152203294	10.13	tp	0
2-CAAAGKTCAMWG	STREME-2	1.1e-002	chrX:41047768-41048424	10.12	tp	0
2-CAAAGKTCAMWG	STREME-2	1.1e-002	chr1:246450859-246451138	10.10	fp	0
2-CAAAGKTCAMWG	STREME-2	1.1e-002	chr2:231050244-231050931	10.09	tp	0
2-CAAAGKTCAMWG	STREME-2	1.1e-002	chr14:92880888-92881198	10.08	fp	0
2-CAAAGKTCAMWG	STREME-2	1.1e-002	chr15:50145430-50145711	10.08	tp	0
2-CAAAGKTCAMWG	STREME-2	1.1e-002	chr11:68377198-68377825	10.08	tp	0
2-CAAAGKTCAMWG	STREME-2	1.1e-002	chr10:84264640-84264919	10.08	fp	0
2-CAAAGKTCAMWG	STREME-2	1.1e-002	chr7:1579525-1579934	10.08	tp	0
2-CAAAGKTCAMWG	STREME-2	1.1e-002	chr7:150963014-150963361	10.07	fp	0
2-CAAAGKTCAMWG	STREME-2	1.1e-002	chr6:16770843-16771289	10.07	fp	1
2-CAAAGKTCAMWG	STREME-2	1.1e-002	chr2:88740060-88740315	10.06	tp	1
2-CAAAGKTCAMWG	STREME-2	1.1e-002	chr8:33334464-33335045	10.06	tp	0
2-CAAAGKTCAMWG	STREME-2	1.1e-002	chr1:111769386-111769874	10.05	fp	0
2-CAAAGKTCAMWG	STREME-2	1.1e-002	chr2:70069040-70069483	10.02	tp	0
2-CAAAGKTCAMWG	STREME-2	1.1e-002	chr15:57559809-57560365	10.02	tp	0
2-CAAAGKTCAMWG	STREME-2	1.1e-002	chr21:39138203-39138472	10.02	tp	0
2-CAAAGKTCAMWG	STREME-2	1.1e-002	chr11:130213126-130213632	10.01	tp	0
2-CAAAGKTCAMWG	STREME-2	1.1e-002	chr10:100340948-100341721	10.01	tp	0
2-CAAAGKTCAMWG	STREME-2	1.1e-002	chr20:49562308-49562932	10.00	tp	0
2-CAAAGKTCAMWG	STREME-2	1.1e-002	chr7:29102618-29102868	10.00	fp	0
2-CAAAGKTCAMWG	STREME-2	1.1e-002	chr7:92988103-92988393	10.00	tp	0
2-CAAAGKTCAMWG	STREME-2	1.1e-002	chr12:89542670-89543284	10.00	fp	0
2-CAAAGKTCAMWG	STREME-2	1.1e-002	chr11:34339163-34339963	9.99	fp	0
2-CAAAGKTCAMWG	STREME-2	1.1e-002	chr12:102503216-102503621	9.98	fp	1
2-CAAAGKTCAMWG	STREME-2	1.1e-002	chr8:81234964-81235717	9.98	tp	0
2-CAAAGKTCAMWG	STREME-2	1.1e-002	chr1:57235787-57236266	9.97	tp	0
2-CAAAGKTCAMWG	STREME-2	1.1e-002	chr8:119437415-119437743	9.97	tp	0
2-CAAAGKTCAMWG	STREME-2	1.1e-002	chr4:176377615-176378039	9.97	fp	0
2-CAAAGKTCAMWG	STREME-2	1.1e-002	chr8:79684593-79684933	9.95	tp	0
2-CAAAGKTCAMWG	STREME-2	1.1e-002	chr12:79886980-79887234	9.95	tp	0
2-CAAAGKTCAMWG	STREME-2	1.1e-002	chr3:188060999-188061602	9.94	fp	0
2-CAAAGKTCAMWG	STREME-2	1.1e-002	chr13:30046949-30047691	9.94	fp	0
2-CAAAGKTCAMWG	STREME-2	1.1e-002	chr11:12802517-12803112	9.94	fp	0
2-CAAAGKTCAMWG	STREME-2	1.1e-002	chr1:94801854-94802494	9.94	fp	0
2-CAAAGKTCAMWG	STREME-2	1.1e-002	chr7:29102618-29102868	9.93	tp	0
2-CAAAGKTCAMWG	STREME-2	1.1e-002	chr3:184543984-184544298	9.92	fp	0
2-CAAAGKTCAMWG	STREME-2	1.1e-002	chr18:31506405-31506655	9.92	tp	0
2-CAAAGKTCAMWG	STREME-2	1.1e-002	chr17:77392332-77393062	9.92	tp	0
2-CAAAGKTCAMWG	STREME-2	1.1e-002	chr1:56414601-56415205	9.92	tp	0
2-CAAAGKTCAMWG	STREME-2	1.1e-002	chr4:122576903-122577155	9.91	tp	0
2-CAAAGKTCAMWG	STREME-2	1.1e-002	chr5:103232476-103232777	9.90	tp	0
2-CAAAGKTCAMWG	STREME-2	1.1e-002	chr6:125057918-125058209	9.89	tp	0
2-CAAAGKTCAMWG	STREME-2	1.1e-002	chr10:113995280-113995575	9.88	tp	0
2-CAAAGKTCAMWG	STREME-2	1.1e-002	chr10:67520844-67521309	9.88	tp	0
2-CAAAGKTCAMWG	STREME-2	1.1e-002	chr20:50292376-50293138	9.86	fp	0
2-CAAAGKTCAMWG	STREME-2	1.1e-002	chr3:194075827-194076155	9.86	tp	0
2-CAAAGKTCAMWG	STREME-2	1.1e-002	chr3:124992015-124992423	9.86	tp	0
2-CAAAGKTCAMWG	STREME-2	1.1e-002	chr1:234964286-234964606	9.85	fp	0
2-CAAAGKTCAMWG	STREME-2	1.1e-002	chr2:9247725-9248235	9.85	tp	0
2-CAAAGKTCAMWG	STREME-2	1.1e-002	chr5:59548721-59549308	9.85	tp	0
2-CAAAGKTCAMWG	STREME-2	1.1e-002	chrX:106780645-106781225	9.84	fp	0
2-CAAAGKTCAMWG	STREME-2	1.1e-002	chr2:47071465-47071833	9.84	tp	0
2-CAAAGKTCAMWG	STREME-2	1.1e-002	chr15:89870697-89870990	9.84	tp	0
2-CAAAGKTCAMWG	STREME-2	1.1e-002	chr5:142717525-142717839	9.82	fp	0
2-CAAAGKTCAMWG	STREME-2	1.1e-002	chr5:53076021-53076383	9.82	tp	0
2-CAAAGKTCAMWG	STREME-2	1.1e-002	chr6:44104539-44105113	9.81	tp	0
2-CAAAGKTCAMWG	STREME-2	1.1e-002	chr18:51133511-51134439	9.81	tp	0
2-CAAAGKTCAMWG	STREME-2	1.1e-002	chr5:10301912-10302379	9.81	tp	0
2-CAAAGKTCAMWG	STREME-2	1.1e-002	chr2:100814464-100815025	9.80	fp	0
2-CAAAGKTCAMWG	STREME-2	1.1e-002	chr1:117599763-117600211	9.78	fp	0
2-CAAAGKTCAMWG	STREME-2	1.1e-002	chr8:58471143-58471487	9.77	tp	0
2-CAAAGKTCAMWG	STREME-2	1.1e-002	chrX:37627427-37628073	9.77	tp	0
2-CAAAGKTCAMWG	STREME-2	1.1e-002	chr13:32650640-32651112	9.76	tp	0
2-CAAAGKTCAMWG	STREME-2	1.1e-002	chr15:74770906-74771449	9.75	tp	1
2-CAAAGKTCAMWG	STREME-2	1.1e-002	chr12:23771241-23771832	9.74	fp	0
2-CAAAGKTCAMWG	STREME-2	1.1e-002	chr18:22813717-22813950	9.74	fp	0
2-CAAAGKTCAMWG	STREME-2	1.1e-002	chr14:68232413-68233106	9.73	tp	0
2-CAAAGKTCAMWG	STREME-2	1.1e-002	chr5:136249746-136250061	9.73	tp	0
2-CAAAGKTCAMWG	STREME-2	1.1e-002	chr1:14915344-14915680	9.72	tp	0
2-CAAAGKTCAMWG	STREME-2	1.1e-002	chr14:67943933-67944188	9.72	fp	0
2-CAAAGKTCAMWG	STREME-2	1.1e-002	chr10:76297765-76298320	9.72	tp	0
2-CAAAGKTCAMWG	STREME-2	1.1e-002	chr9:128558956-128559315	9.71	fp	0
2-CAAAGKTCAMWG	STREME-2	1.1e-002	chr12:110253268-110253534	9.70	fp	0
2-CAAAGKTCAMWG	STREME-2	1.1e-002	chr10:112364968-112365461	9.68	fp	0
2-CAAAGKTCAMWG	STREME-2	1.1e-002	chr1:182293260-182293580	9.67	tp	0
2-CAAAGKTCAMWG	STREME-2	1.1e-002	chr5:142717525-142717839	9.67	tp	0
2-CAAAGKTCAMWG	STREME-2	1.1e-002	chr20:40946006-40946438	9.66	tp	0
2-CAAAGKTCAMWG	STREME-2	1.1e-002	chr2:10009545-10010599	9.66	tp	0
2-CAAAGKTCAMWG	STREME-2	1.1e-002	chr2:215454326-215454911	9.65	fp	0
2-CAAAGKTCAMWG	STREME-2	1.1e-002	chrX:136189220-136189556	9.65	tp	0
2-CAAAGKTCAMWG	STREME-2	1.1e-002	chr17:7052101-7052507	9.64	tp	0
2-CAAAGKTCAMWG	STREME-2	1.1e-002	chr14:67942172-67942657	9.63	tp	0
2-CAAAGKTCAMWG	STREME-2	1.1e-002	chr10:79335318-79336263	9.63	fp	0
2-CAAAGKTCAMWG	STREME-2	1.1e-002	chr3:71006867-71007146	9.63	tp	0
2-CAAAGKTCAMWG	STREME-2	1.1e-002	chr11:111795529-111795987	9.62	tp	0
2-CAAAGKTCAMWG	STREME-2	1.1e-002	chr18:63848185-63848467	9.62	fp	0
2-CAAAGKTCAMWG	STREME-2	1.1e-002	chr18:76398747-76399239	9.61	tp	0
2-CAAAGKTCAMWG	STREME-2	1.1e-002	chr3:179015468-179016022	9.60	tp	0
2-CAAAGKTCAMWG	STREME-2	1.1e-002	chr9:17063627-17063875	9.59	tp	0
2-CAAAGKTCAMWG	STREME-2	1.1e-002	chr3:111802101-111802865	9.58	tp	0
2-CAAAGKTCAMWG	STREME-2	1.1e-002	chr11:33061065-33062035	9.58	tp	0
2-CAAAGKTCAMWG	STREME-2	1.1e-002	chr1:229661142-229661672	9.58	fp	0
2-CAAAGKTCAMWG	STREME-2	1.1e-002	chr12:5002981-5003526	9.57	tp	0
2-CAAAGKTCAMWG	STREME-2	1.1e-002	chr18:3002828-3003148	9.56	tp	0
2-CAAAGKTCAMWG	STREME-2	1.1e-002	chr8:85973199-85973710	9.56	tp	0
2-CAAAGKTCAMWG	STREME-2	1.1e-002	chr9:76373061-76373819	9.56	fp	0
2-CAAAGKTCAMWG	STREME-2	1.1e-002	chr3:184289323-184289837	9.56	fp	0
2-CAAAGKTCAMWG	STREME-2	1.1e-002	chr7:100563963-100564196	9.56	tp	0
2-CAAAGKTCAMWG	STREME-2	1.1e-002	chr6:52407445-52407734	9.56	tp	0
2-CAAAGKTCAMWG	STREME-2	1.1e-002	chr11:60775391-60775865	9.56	fp	0
2-CAAAGKTCAMWG	STREME-2	1.1e-002	chr11:19821312-19821976	9.56	tp	0
2-CAAAGKTCAMWG	STREME-2	1.1e-002	chr7:151745058-151745693	9.53	tp	0
2-CAAAGKTCAMWG	STREME-2	1.1e-002	chr6:56359240-56359561	9.53	fp	0
2-CAAAGKTCAMWG	STREME-2	1.1e-002	chr4:141307197-141307692	9.53	tp	0
2-CAAAGKTCAMWG	STREME-2	1.1e-002	chr12:52327493-52328050	9.52	fp	1
2-CAAAGKTCAMWG	STREME-2	1.1e-002	chrX:12701730-12701990	9.51	fp	0
2-CAAAGKTCAMWG	STREME-2	1.1e-002	chr4:114694865-114695105	9.49	tp	0
2-CAAAGKTCAMWG	STREME-2	1.1e-002	chr13:44364469-44365009	9.47	tp	0
2-CAAAGKTCAMWG	STREME-2	1.1e-002	chr9:86855113-86855489	9.47	tp	0
2-CAAAGKTCAMWG	STREME-2	1.1e-002	chr2:238785063-238785300	9.45	tp	0
2-CAAAGKTCAMWG	STREME-2	1.1e-002	chr3:19885483-19885832	9.45	fp	0
2-CAAAGKTCAMWG	STREME-2	1.1e-002	chr22:28819578-28820015	9.45	tp	0
2-CAAAGKTCAMWG	STREME-2	1.1e-002	chr9:21326603-21327002	9.45	fp	0
2-CAAAGKTCAMWG	STREME-2	1.1e-002	chr6:144775921-144776731	9.45	fp	1
2-CAAAGKTCAMWG	STREME-2	1.1e-002	chr17:39244621-39245238	9.45	fp	0
2-CAAAGKTCAMWG	STREME-2	1.1e-002	chr2:18387467-18388179	9.42	fp	0
2-CAAAGKTCAMWG	STREME-2	1.1e-002	chr7:105487885-105488252	9.41	tp	0
2-CAAAGKTCAMWG	STREME-2	1.1e-002	chr3:58059360-58060193	9.40	tp	0
2-CAAAGKTCAMWG	STREME-2	1.1e-002	chr16:67760168-67760988	9.39	tp	0
2-CAAAGKTCAMWG	STREME-2	1.1e-002	chr9:99184490-99185240	9.39	tp	0
2-CAAAGKTCAMWG	STREME-2	1.1e-002	chr12:114668133-114668546	9.39	fp	0
2-CAAAGKTCAMWG	STREME-2	1.1e-002	chr1:66242608-66243018	9.38	tp	0
2-CAAAGKTCAMWG	STREME-2	1.1e-002	chr18:54444314-54444712	9.38	fp	0
2-CAAAGKTCAMWG	STREME-2	1.1e-002	chr1:178532366-178532597	9.37	tp	0
2-CAAAGKTCAMWG	STREME-2	1.1e-002	chr4:174222311-174222762	9.37	fp	0
2-CAAAGKTCAMWG	STREME-2	1.1e-002	chr2:222842435-222843186	9.35	tp	0
2-CAAAGKTCAMWG	STREME-2	1.1e-002	chr11:67382409-67382990	9.35	tp	0
2-CAAAGKTCAMWG	STREME-2	1.1e-002	chr4:122576903-122577155	9.34	fp	0
2-CAAAGKTCAMWG	STREME-2	1.1e-002	chr7:107201862-107202170	9.34	tp	0
2-CAAAGKTCAMWG	STREME-2	1.1e-002	chr16:67771496-67772082	9.34	fp	0
2-CAAAGKTCAMWG	STREME-2	1.1e-002	chr5:81506909-81507316	9.33	fp	0
2-CAAAGKTCAMWG	STREME-2	1.1e-002	chr1:46527900-46528359	9.32	fp	0
2-CAAAGKTCAMWG	STREME-2	1.1e-002	chr13:113150078-113150695	9.32	tp	0
2-CAAAGKTCAMWG	STREME-2	1.1e-002	chr8:86354255-86354539	9.32	tp	0
2-CAAAGKTCAMWG	STREME-2	1.1e-002	chr9:124617545-124617890	9.32	tp	0
2-CAAAGKTCAMWG	STREME-2	1.1e-002	chr4:83605892-83606340	9.30	tp	1
2-CAAAGKTCAMWG	STREME-2	1.1e-002	chr11:93567333-93567914	9.29	tp	0
2-CAAAGKTCAMWG	STREME-2	1.1e-002	chr11:12834227-12834524	9.28	fp	0
2-CAAAGKTCAMWG	STREME-2	1.1e-002	chr21:31900180-31900980	9.27	fp	0
2-CAAAGKTCAMWG	STREME-2	1.1e-002	chr8:125424192-125424562	9.26	tp	0
2-CAAAGKTCAMWG	STREME-2	1.1e-002	chr1:3115314-3115818	9.26	tp	1
2-CAAAGKTCAMWG	STREME-2	1.1e-002	chr9:78369700-78370126	9.25	tp	0
2-CAAAGKTCAMWG	STREME-2	1.1e-002	chr10:114720926-114721240	9.25	tp	0
2-CAAAGKTCAMWG	STREME-2	1.1e-002	chr2:200797195-200797877	9.25	fp	0
2-CAAAGKTCAMWG	STREME-2	1.1e-002	chr10:74018209-74018711	9.25	fp	0
2-CAAAGKTCAMWG	STREME-2	1.1e-002	chr5:168362137-168362859	9.24	fp	0
2-CAAAGKTCAMWG	STREME-2	1.1e-002	chr1:28290847-28291350	9.23	tp	0
2-CAAAGKTCAMWG	STREME-2	1.1e-002	chr6:109073221-109073691	9.23	tp	0
2-CAAAGKTCAMWG	STREME-2	1.1e-002	chr1:27663039-27663464	9.23	tp	1
2-CAAAGKTCAMWG	STREME-2	1.1e-002	chr2:207775509-207775865	9.22	tp	0
2-CAAAGKTCAMWG	STREME-2	1.1e-002	chr15:98659277-98659539	9.22	tp	0
2-CAAAGKTCAMWG	STREME-2	1.1e-002	chr15:60576018-60576327	9.22	fp	1
2-CAAAGKTCAMWG	STREME-2	1.1e-002	chr4:155809829-155810173	9.21	fp	0
2-CAAAGKTCAMWG	STREME-2	1.1e-002	chr5:180784552-180784810	9.21	tp	0
2-CAAAGKTCAMWG	STREME-2	1.1e-002	chr8:65562057-65562356	9.20	tp	0
2-CAAAGKTCAMWG	STREME-2	1.1e-002	chr12:98500801-98501270	9.20	fp	1
2-CAAAGKTCAMWG	STREME-2	1.1e-002	chr9:120650388-120650658	9.20	tp	0
2-CAAAGKTCAMWG	STREME-2	1.1e-002	chr6:43276725-43277200	9.20	tp	0
2-CAAAGKTCAMWG	STREME-2	1.1e-002	chr21:38831187-38832380	9.19	tp	0
2-CAAAGKTCAMWG	STREME-2	1.1e-002	chr12:24080496-24080837	9.18	tp	0
2-CAAAGKTCAMWG	STREME-2	1.1e-002	chr21:15140280-15140918	9.17	tp	0
2-CAAAGKTCAMWG	STREME-2	1.1e-002	chr1:66175979-66176412	9.16	tp	0
2-CAAAGKTCAMWG	STREME-2	1.1e-002	chr15:98442459-98442728	9.16	tp	0
2-CAAAGKTCAMWG	STREME-2	1.1e-002	chr7:144391652-144392287	9.16	fp	0
2-CAAAGKTCAMWG	STREME-2	1.1e-002	chr3:146590005-146590216	9.16	tp	0
2-CAAAGKTCAMWG	STREME-2	1.1e-002	chr15:66619214-66619551	9.15	tp	0
2-CAAAGKTCAMWG	STREME-2	1.1e-002	chr10:112835887-112836507	9.14	fp	0
2-CAAAGKTCAMWG	STREME-2	1.1e-002	chr5:96336403-96336698	9.13	fp	0
2-CAAAGKTCAMWG	STREME-2	1.1e-002	chr18:80157807-80158043	9.12	tp	0
2-CAAAGKTCAMWG	STREME-2	1.1e-002	chr17:77995184-77995545	9.11	fp	0
2-CAAAGKTCAMWG	STREME-2	1.1e-002	chr11:14541117-14541768	9.11	fp	0
2-CAAAGKTCAMWG	STREME-2	1.1e-002	chr9:121686514-121687461	9.11	tp	0
2-CAAAGKTCAMWG	STREME-2	1.1e-002	chr1:200076003-200076570	9.10	tp	0
2-CAAAGKTCAMWG	STREME-2	1.1e-002	chr3:43742859-43743369	9.10	fp	0
2-CAAAGKTCAMWG	STREME-2	1.1e-002	chr10:122044694-122045106	9.09	tp	1
2-CAAAGKTCAMWG	STREME-2	1.1e-002	chr1:65471157-65471771	9.09	tp	0
2-CAAAGKTCAMWG	STREME-2	1.1e-002	chrX:109890961-109891250	9.08	fp	0
2-CAAAGKTCAMWG	STREME-2	1.1e-002	chr1:211603296-211603704	9.08	tp	0
2-CAAAGKTCAMWG	STREME-2	1.1e-002	chr3:133208273-133208552	9.08	tp	0
2-CAAAGKTCAMWG	STREME-2	1.1e-002	chr8:102375233-102375911	9.08	fp	0
2-CAAAGKTCAMWG	STREME-2	1.1e-002	chr1:11157865-11158285	9.08	fp	1
2-CAAAGKTCAMWG	STREME-2	1.1e-002	chr11:95705386-95706012	9.06	fp	0
2-CAAAGKTCAMWG	STREME-2	1.1e-002	chr1:25101435-25101820	9.06	tp	0
2-CAAAGKTCAMWG	STREME-2	1.1e-002	chr4:183073437-183073903	9.05	fp	0
2-CAAAGKTCAMWG	STREME-2	1.1e-002	chr8:86703378-86703836	9.05	tp	0
2-CAAAGKTCAMWG	STREME-2	1.1e-002	chr20:4006656-4007020	9.04	tp	0
2-CAAAGKTCAMWG	STREME-2	1.1e-002	chr17:50783142-50783504	9.04	tp	1
2-CAAAGKTCAMWG	STREME-2	1.1e-002	chr7:95246897-95247305	9.04	fp	0
2-CAAAGKTCAMWG	STREME-2	1.1e-002	chr14:75648193-75648788	9.03	tp	1
2-CAAAGKTCAMWG	STREME-2	1.1e-002	chr2:72973642-72974032	9.03	fp	0
2-CAAAGKTCAMWG	STREME-2	1.1e-002	chr10:99560583-99560822	9.02	tp	0
2-CAAAGKTCAMWG	STREME-2	1.1e-002	chr14:59444256-59444804	9.02	tp	1
2-CAAAGKTCAMWG	STREME-2	1.1e-002	chr1:110460298-110460763	9.02	tp	0
2-CAAAGKTCAMWG	STREME-2	1.1e-002	chr12:114668133-114668546	9.02	tp	0
2-CAAAGKTCAMWG	STREME-2	1.1e-002	chr10:98309402-98310032	9.02	fp	0
2-CAAAGKTCAMWG	STREME-2	1.1e-002	chr10:91706029-91706746	9.02	tp	0
2-CAAAGKTCAMWG	STREME-2	1.1e-002	chr6:41682124-41682487	9.01	fp	0
2-CAAAGKTCAMWG	STREME-2	1.1e-002	chr7:143434649-143435251	9.01	fp	0
2-CAAAGKTCAMWG	STREME-2	1.1e-002	chr6:109187756-109188604	9.00	fp	0
2-CAAAGKTCAMWG	STREME-2	1.1e-002	chr14:54138631-54139058	9.00	tp	0
2-CAAAGKTCAMWG	STREME-2	1.1e-002	chr16:85123867-85124795	9.00	tp	0
2-CAAAGKTCAMWG	STREME-2	1.1e-002	chr12:46874785-46875019	9.00	fp	0
2-CAAAGKTCAMWG	STREME-2	1.1e-002	chr10:103663851-103664127	9.00	tp	0
2-CAAAGKTCAMWG	STREME-2	1.1e-002	chr10:91690352-91690930	9.00	tp	0
2-CAAAGKTCAMWG	STREME-2	1.1e-002	chr2:176454982-176455267	8.99	tp	1
2-CAAAGKTCAMWG	STREME-2	1.1e-002	chr10:113073733-113074250	8.99	tp	0
2-CAAAGKTCAMWG	STREME-2	1.1e-002	chr8:125163343-125163830	8.99	tp	0
2-CAAAGKTCAMWG	STREME-2	1.1e-002	chr10:44857717-44858044	8.98	tp	1
2-CAAAGKTCAMWG	STREME-2	1.1e-002	chr2:75465656-75465887	8.98	fp	0
2-CAAAGKTCAMWG	STREME-2	1.1e-002	chr18:59057156-59057535	8.97	fp	0
2-CAAAGKTCAMWG	STREME-2	1.1e-002	chr2:27185646-27186130	8.96	tp	0
2-CAAAGKTCAMWG	STREME-2	1.1e-002	chr5:129767887-129768321	8.96	tp	0
2-CAAAGKTCAMWG	STREME-2	1.1e-002	chr4:107862697-107863258	8.95	tp	0
2-CAAAGKTCAMWG	STREME-2	1.1e-002	chr12:3803869-3804180	8.95	tp	0
2-CAAAGKTCAMWG	STREME-2	1.1e-002	chr13:43905498-43905744	8.94	fp	0
2-CAAAGKTCAMWG	STREME-2	1.1e-002	chr14:90903079-90903335	8.94	tp	0
2-CAAAGKTCAMWG	STREME-2	1.1e-002	chr2:44981669-44982105	8.93	fp	0
2-CAAAGKTCAMWG	STREME-2	1.1e-002	chr11:7657282-7657854	8.93	fp	0
2-CAAAGKTCAMWG	STREME-2	1.1e-002	chr15:85854326-85854838	8.92	tp	0
2-CAAAGKTCAMWG	STREME-2	1.1e-002	chr18:47215628-47215904	8.92	tp	0
2-CAAAGKTCAMWG	STREME-2	1.1e-002	chr11:119644967-119645383	8.92	tp	1
2-CAAAGKTCAMWG	STREME-2	1.1e-002	chr17:58391314-58391951	8.92	tp	0
2-CAAAGKTCAMWG	STREME-2	1.1e-002	chr7:8418730-8418991	8.92	fp	0
2-CAAAGKTCAMWG	STREME-2	1.1e-002	chr12:76276523-76277261	8.91	tp	0
2-CAAAGKTCAMWG	STREME-2	1.1e-002	chr6:14129585-14129923	8.91	tp	0
2-CAAAGKTCAMWG	STREME-2	1.1e-002	chr10:88028650-88029068	8.91	tp	0
2-CAAAGKTCAMWG	STREME-2	1.1e-002	chr17:78258605-78258862	8.90	tp	0
2-CAAAGKTCAMWG	STREME-2	1.1e-002	chr14:65222405-65222784	8.90	fp	0
2-CAAAGKTCAMWG	STREME-2	1.1e-002	chr13:74168093-74168770	8.88	tp	0
2-CAAAGKTCAMWG	STREME-2	1.1e-002	chr2:219111558-219111987	8.87	fp	0
2-CAAAGKTCAMWG	STREME-2	1.1e-002	chr20:36138481-36139144	8.85	tp	0
2-CAAAGKTCAMWG	STREME-2	1.1e-002	chr15:98850944-98851245	8.85	tp	0
2-CAAAGKTCAMWG	STREME-2	1.1e-002	chr7:20858846-20859666	8.83	tp	1
2-CAAAGKTCAMWG	STREME-2	1.1e-002	chr4:40924517-40924825	8.83	fp	0
2-CAAAGKTCAMWG	STREME-2	1.1e-002	chr17:27920514-27921018	8.83	fp	1
2-CAAAGKTCAMWG	STREME-2	1.1e-002	chr9:14236490-14236973	8.82	fp	0
2-CAAAGKTCAMWG	STREME-2	1.1e-002	chr11:73177461-73178391	8.81	tp	0
2-CAAAGKTCAMWG	STREME-2	1.1e-002	chr14:89458488-89459345	8.81	fp	0
2-CAAAGKTCAMWG	STREME-2	1.1e-002	chr6:157756527-157757074	8.81	tp	0
2-CAAAGKTCAMWG	STREME-2	1.1e-002	chr2:221322628-221323056	8.77	tp	0
2-CAAAGKTCAMWG	STREME-2	1.1e-002	chr1:56563513-56563978	8.77	tp	0
2-CAAAGKTCAMWG	STREME-2	1.1e-002	chr2:85827309-85827873	8.77	fp	0
2-CAAAGKTCAMWG	STREME-2	1.1e-002	chr10:15209898-15210179	8.77	tp	0
2-CAAAGKTCAMWG	STREME-2	1.1e-002	chr10:7872088-7872491	8.76	tp	0
2-CAAAGKTCAMWG	STREME-2	1.1e-002	chr8:100459743-100460069	8.76	fp	0
2-CAAAGKTCAMWG	STREME-2	1.1e-002	chr1:181112422-181112916	8.75	tp	0
2-CAAAGKTCAMWG	STREME-2	1.1e-002	chr10:99421017-99421844	8.75	tp	0
2-CAAAGKTCAMWG	STREME-2	1.1e-002	chr12:12486730-12486962	8.74	fp	0
2-CAAAGKTCAMWG	STREME-2	1.1e-002	chr6:129936441-129936994	8.74	tp	0
2-CAAAGKTCAMWG	STREME-2	1.1e-002	chr3:73614300-73614759	8.74	fp	0
2-CAAAGKTCAMWG	STREME-2	1.1e-002	chr1:200180689-200181195	8.74	fp	0
2-CAAAGKTCAMWG	STREME-2	1.1e-002	chr3:160772134-160772388	8.74	tp	1
2-CAAAGKTCAMWG	STREME-2	1.1e-002	chr20:20860063-20860553	8.73	tp	0
2-CAAAGKTCAMWG	STREME-2	1.1e-002	chr9:116660956-116661589	8.73	tp	0
2-CAAAGKTCAMWG	STREME-2	1.1e-002	chr1:117629721-117630334	8.72	tp	0
2-CAAAGKTCAMWG	STREME-2	1.1e-002	chr15:52974177-52974778	8.72	tp	0
2-CAAAGKTCAMWG	STREME-2	1.1e-002	chr1:110312358-110313045	8.72	fp	1
2-CAAAGKTCAMWG	STREME-2	1.1e-002	chr8:18912268-18912492	8.72	tp	0
2-CAAAGKTCAMWG	STREME-2	1.1e-002	chr11:74018310-74019002	8.71	fp	0
2-CAAAGKTCAMWG	STREME-2	1.1e-002	chr21:31900180-31900980	8.71	tp	0
2-CAAAGKTCAMWG	STREME-2	1.1e-002	chr1:94801854-94802494	8.71	tp	0
2-CAAAGKTCAMWG	STREME-2	1.1e-002	chr2:20196076-20196510	8.70	tp	0
2-CAAAGKTCAMWG	STREME-2	1.1e-002	chr7:34096110-34096741	8.69	tp	0
2-CAAAGKTCAMWG	STREME-2	1.1e-002	chr6:150668442-150668918	8.67	fp	0
2-CAAAGKTCAMWG	STREME-2	1.1e-002	chr1:56545668-56546244	8.67	tp	0
2-CAAAGKTCAMWG	STREME-2	1.1e-002	chr12:70645614-70646315	8.67	tp	0
2-CAAAGKTCAMWG	STREME-2	1.1e-002	chr1:98051131-98051400	8.66	tp	0
2-CAAAGKTCAMWG	STREME-2	1.1e-002	chr1:150543664-150544124	8.66	fp	0
2-CAAAGKTCAMWG	STREME-2	1.1e-002	chr2:197378456-197379023	8.66	fp	0
2-CAAAGKTCAMWG	STREME-2	1.1e-002	chr18:46148769-46149197	8.66	fp	0
2-CAAAGKTCAMWG	STREME-2	1.1e-002	chr4:71229818-71230032	8.66	tp	1
2-CAAAGKTCAMWG	STREME-2	1.1e-002	chr8:13265774-13266115	8.65	tp	0
2-CAAAGKTCAMWG	STREME-2	1.1e-002	chr3:194075827-194076155	8.65	fp	0
2-CAAAGKTCAMWG	STREME-2	1.1e-002	chr6:162856839-162857269	8.65	fp	0
2-CAAAGKTCAMWG	STREME-2	1.1e-002	chr4:153661199-153662088	8.64	fp	0
2-CAAAGKTCAMWG	STREME-2	1.1e-002	chr8:97798580-97799080	8.64	tp	0
2-CAAAGKTCAMWG	STREME-2	1.1e-002	chr8:86703378-86703836	8.64	fp	1
2-CAAAGKTCAMWG	STREME-2	1.1e-002	chrX:81195697-81196212	8.63	tp	0
2-CAAAGKTCAMWG	STREME-2	1.1e-002	chr8:26693576-26694275	8.63	tp	0
2-CAAAGKTCAMWG	STREME-2	1.1e-002	chr2:210129030-210129269	8.63	tp	0
2-CAAAGKTCAMWG	STREME-2	1.1e-002	chr15:36506771-36507116	8.62	tp	0
2-CAAAGKTCAMWG	STREME-2	1.1e-002	chr6:34459962-34460297	8.62	tp	0
2-CAAAGKTCAMWG	STREME-2	1.1e-002	chr9:72039023-72039278	8.61	fp	0
2-CAAAGKTCAMWG	STREME-2	1.1e-002	chr3:78988396-78988701	8.61	tp	0
2-CAAAGKTCAMWG	STREME-2	1.1e-002	chr17:47712298-47712685	8.61	fp	1
2-CAAAGKTCAMWG	STREME-2	1.1e-002	chr6:111591196-111591966	8.61	tp	0
2-CAAAGKTCAMWG	STREME-2	1.1e-002	chr5:65742632-65742984	8.61	fp	0
2-CAAAGKTCAMWG	STREME-2	1.1e-002	chr8:36773665-36773941	8.60	tp	0
2-CAAAGKTCAMWG	STREME-2	1.1e-002	chr1:161792405-161793111	8.59	tp	0
2-CAAAGKTCAMWG	STREME-2	1.1e-002	chr2:38508373-38508835	8.59	tp	0
2-CAAAGKTCAMWG	STREME-2	1.1e-002	chr10:71284952-71285473	8.59	tp	0
2-CAAAGKTCAMWG	STREME-2	1.1e-002	chr10:72315619-72316036	8.59	fp	0
2-CAAAGKTCAMWG	STREME-2	1.1e-002	chr1:44036570-44037105	8.58	fp	0
2-CAAAGKTCAMWG	STREME-2	1.1e-002	chr3:78988396-78988701	8.58	fp	0
2-CAAAGKTCAMWG	STREME-2	1.1e-002	chr12:114858422-114858794	8.58	tp	0
2-CAAAGKTCAMWG	STREME-2	1.1e-002	chr6:138727075-138727809	8.57	fp	0
2-CAAAGKTCAMWG	STREME-2	1.1e-002	chr13:31424157-31424609	8.57	tp	0
2-CAAAGKTCAMWG	STREME-2	1.1e-002	chr5:148841549-148842073	8.57	fp	1
2-CAAAGKTCAMWG	STREME-2	1.1e-002	chr10:91556555-91557224	8.56	tp	0
2-CAAAGKTCAMWG	STREME-2	1.1e-002	chr11:93570695-93571283	8.56	fp	0
2-CAAAGKTCAMWG	STREME-2	1.1e-002	chr12:65510564-65510984	8.56	fp	0
2-CAAAGKTCAMWG	STREME-2	1.1e-002	chr6:55069131-55069473	8.56	fp	0
2-CAAAGKTCAMWG	STREME-2	1.1e-002	chr1:32989159-32989597	8.55	fp	0
2-CAAAGKTCAMWG	STREME-2	1.1e-002	chr6:148166400-148166695	8.54	fp	0
2-CAAAGKTCAMWG	STREME-2	1.1e-002	chr3:134352255-134352694	8.54	tp	0
2-CAAAGKTCAMWG	STREME-2	1.1e-002	chr15:69561266-69561879	8.54	fp	1
2-CAAAGKTCAMWG	STREME-2	1.1e-002	chr6:162856839-162857269	8.53	tp	1
2-CAAAGKTCAMWG	STREME-2	1.1e-002	chr2:74587592-74588146	8.52	tp	0
2-CAAAGKTCAMWG	STREME-2	1.1e-002	chr15:53453424-53454099	8.52	tp	0
2-CAAAGKTCAMWG	STREME-2	1.1e-002	chr8:17466355-17466806	8.51	tp	0
2-CAAAGKTCAMWG	STREME-2	1.1e-002	chr12:18546377-18546973	8.51	tp	0
2-CAAAGKTCAMWG	STREME-2	1.1e-002	chr3:132167901-132168218	8.51	tp	0
2-CAAAGKTCAMWG	STREME-2	1.1e-002	chr5:16521358-16522153	8.51	tp	0
2-CAAAGKTCAMWG	STREME-2	1.1e-002	chr15:57922855-57923186	8.50	tp	0
2-CAAAGKTCAMWG	STREME-2	1.1e-002	chr2:120473574-120474244	8.50	fp	0
2-CAAAGKTCAMWG	STREME-2	1.1e-002	chr2:219736277-219736595	8.50	tp	0
2-CAAAGKTCAMWG	STREME-2	1.1e-002	chr8:10928118-10928879	8.50	tp	0
2-CAAAGKTCAMWG	STREME-2	1.1e-002	chr11:46895743-46896311	8.50	tp	0
2-CAAAGKTCAMWG	STREME-2	1.1e-002	chr2:20215250-20215637	8.50	fp	0
2-CAAAGKTCAMWG	STREME-2	1.1e-002	chr18:74353236-74353699	8.50	fp	0
2-CAAAGKTCAMWG	STREME-2	1.1e-002	chr10:122044311-122044618	8.50	tp	0
2-CAAAGKTCAMWG	STREME-2	1.1e-002	chr10:23516603-23516809	8.48	tp	0
2-CAAAGKTCAMWG	STREME-2	1.1e-002	chr11:74929758-74930204	8.48	tp	0
2-CAAAGKTCAMWG	STREME-2	1.1e-002	chr15:98850944-98851245	8.47	fp	0
2-CAAAGKTCAMWG	STREME-2	1.1e-002	chr22:28911708-28912347	8.47	tp	0
2-CAAAGKTCAMWG	STREME-2	1.1e-002	chr10:124354690-124355371	8.47	tp	0
2-CAAAGKTCAMWG	STREME-2	1.1e-002	chr22:46798339-46799139	8.47	fp	0
2-CAAAGKTCAMWG	STREME-2	1.1e-002	chr1:234716336-234716731	8.46	tp	0
2-CAAAGKTCAMWG	STREME-2	1.1e-002	chr18:28116464-28116840	8.46	fp	1
2-CAAAGKTCAMWG	STREME-2	1.1e-002	chr13:108961517-108962006	8.46	fp	1
2-CAAAGKTCAMWG	STREME-2	1.1e-002	chr16:86519652-86520364	8.46	tp	0
2-CAAAGKTCAMWG	STREME-2	1.1e-002	chr5:142521688-142522272	8.45	tp	0
2-CAAAGKTCAMWG	STREME-2	1.1e-002	chr1:186985787-186986254	8.44	fp	0
2-CAAAGKTCAMWG	STREME-2	1.1e-002	chr16:72042074-72042656	8.43	tp	0
2-CAAAGKTCAMWG	STREME-2	1.1e-002	chr14:68938655-68939025	8.42	tp	0
2-CAAAGKTCAMWG	STREME-2	1.1e-002	chr9:114738707-114739348	8.42	fp	0
2-CAAAGKTCAMWG	STREME-2	1.1e-002	chr4:78865496-78865798	8.41	tp	0
2-CAAAGKTCAMWG	STREME-2	1.1e-002	chr19:12983480-12983917	8.41	tp	0
2-CAAAGKTCAMWG	STREME-2	1.1e-002	chr2:208175173-208175689	8.41	fp	1
2-CAAAGKTCAMWG	STREME-2	1.1e-002	chr6:125057918-125058209	8.40	fp	0
2-CAAAGKTCAMWG	STREME-2	1.1e-002	chrX:74382586-74383024	8.40	tp	1
2-CAAAGKTCAMWG	STREME-2	1.1e-002	chr17:7822777-7823000	8.40	fp	0
2-CAAAGKTCAMWG	STREME-2	1.1e-002	chr10:11515490-11515958	8.36	tp	1
2-CAAAGKTCAMWG	STREME-2	1.1e-002	chr13:29923716-29924478	8.36	tp	0
2-CAAAGKTCAMWG	STREME-2	1.1e-002	chr16:85245700-85246075	8.36	fp	0
2-CAAAGKTCAMWG	STREME-2	1.1e-002	chr3:171187749-171188005	8.35	tp	0
2-CAAAGKTCAMWG	STREME-2	1.1e-002	chr10:70834815-70835113	8.34	tp	0
2-CAAAGKTCAMWG	STREME-2	1.1e-002	chr12:42372061-42372512	8.34	tp	0
2-CAAAGKTCAMWG	STREME-2	1.1e-002	chr10:112835887-112836507	8.34	tp	0
2-CAAAGKTCAMWG	STREME-2	1.1e-002	chr18:59402369-59402987	8.34	tp	0
2-CAAAGKTCAMWG	STREME-2	1.1e-002	chr19:33276019-33276579	8.33	tp	0
2-CAAAGKTCAMWG	STREME-2	1.1e-002	chr16:22099056-22099304	8.33	fp	1
2-CAAAGKTCAMWG	STREME-2	1.1e-002	chr11:4539597-4540003	8.32	fp	0
2-CAAAGKTCAMWG	STREME-2	1.1e-002	chr3:171566874-171567131	8.32	tp	0
2-CAAAGKTCAMWG	STREME-2	1.1e-002	chr8:70534470-70534786	8.32	tp	0
2-CAAAGKTCAMWG	STREME-2	1.1e-002	chr7:116776587-116776975	8.31	fp	1
2-CAAAGKTCAMWG	STREME-2	1.1e-002	chr2:120473574-120474244	8.30	tp	1
2-CAAAGKTCAMWG	STREME-2	1.1e-002	chr5:95988967-95989210	8.30	tp	0
2-CAAAGKTCAMWG	STREME-2	1.1e-002	chr5:52814788-52815106	8.29	fp	0
2-CAAAGKTCAMWG	STREME-2	1.1e-002	chr1:89906596-89906939	8.29	tp	0
2-CAAAGKTCAMWG	STREME-2	1.1e-002	chr10:11472208-11472541	8.29	tp	0
2-CAAAGKTCAMWG	STREME-2	1.1e-002	chr12:6037963-6038454	8.29	fp	0
2-CAAAGKTCAMWG	STREME-2	1.1e-002	chr9:114290884-114291484	8.28	fp	0
2-CAAAGKTCAMWG	STREME-2	1.1e-002	chr11:121194763-121195181	8.28	tp	0
2-CAAAGKTCAMWG	STREME-2	1.1e-002	chr2:42095936-42096230	8.28	tp	0
2-CAAAGKTCAMWG	STREME-2	1.1e-002	chr3:8444150-8444819	8.27	tp	0
2-CAAAGKTCAMWG	STREME-2	1.1e-002	chr3:192851671-192852302	8.27	tp	0
2-CAAAGKTCAMWG	STREME-2	1.1e-002	chr9:38642032-38642429	8.27	fp	0
2-CAAAGKTCAMWG	STREME-2	1.1e-002	chr2:209969649-209970133	8.26	tp	0
2-CAAAGKTCAMWG	STREME-2	1.1e-002	chr6:144104678-144105282	8.26	tp	0
2-CAAAGKTCAMWG	STREME-2	1.1e-002	chr10:104045503-104045764	8.26	tp	0
2-CAAAGKTCAMWG	STREME-2	1.1e-002	chr17:42269298-42269760	8.24	fp	0
2-CAAAGKTCAMWG	STREME-2	1.1e-002	chr11:65471437-65471698	8.24	tp	0
2-CAAAGKTCAMWG	STREME-2	1.1e-002	chr1:155044753-155045197	8.23	tp	0
2-CAAAGKTCAMWG	STREME-2	1.1e-002	chr13:108961517-108962006	8.22	tp	1
2-CAAAGKTCAMWG	STREME-2	1.1e-002	chr4:158824383-158824617	8.22	tp	1
2-CAAAGKTCAMWG	STREME-2	1.1e-002	chr4:15149867-15150337	8.22	tp	0
2-CAAAGKTCAMWG	STREME-2	1.1e-002	chr3:15268020-15268449	8.21	fp	0
2-CAAAGKTCAMWG	STREME-2	1.1e-002	chr19:35259428-35260077	8.21	tp	0
2-CAAAGKTCAMWG	STREME-2	1.1e-002	chr10:119409882-119410297	8.20	fp	0
2-CAAAGKTCAMWG	STREME-2	1.1e-002	chr4:113278387-113278644	8.20	fp	0
2-CAAAGKTCAMWG	STREME-2	1.1e-002	chr11:116888880-116889441	8.19	tp	0
2-CAAAGKTCAMWG	STREME-2	1.1e-002	chr9:125558493-125558763	8.19	fp	0
2-CAAAGKTCAMWG	STREME-2	1.1e-002	chr4:153115620-153116522	8.19	fp	1
2-CAAAGKTCAMWG	STREME-2	1.1e-002	chr11:76801818-76802117	8.18	fp	1
2-CAAAGKTCAMWG	STREME-2	1.1e-002	chr1:203504555-203505140	8.18	tp	0
2-CAAAGKTCAMWG	STREME-2	1.1e-002	chr2:164538226-164538576	8.18	fp	0
2-CAAAGKTCAMWG	STREME-2	1.1e-002	chr12:64596383-64596841	8.18	tp	0
2-CAAAGKTCAMWG	STREME-2	1.1e-002	chr13:110047416-110048044	8.17	tp	0
2-CAAAGKTCAMWG	STREME-2	1.1e-002	chr6:108835279-108835732	8.17	fp	0
2-CAAAGKTCAMWG	STREME-2	1.1e-002	chr17:74301201-74301615	8.17	tp	0
2-CAAAGKTCAMWG	STREME-2	1.1e-002	chr18:21264565-21265035	8.16	tp	0
2-CAAAGKTCAMWG	STREME-2	1.1e-002	chr5:171342435-171342708	8.16	fp	0
2-CAAAGKTCAMWG	STREME-2	1.1e-002	chr5:64612182-64612812	8.16	fp	0
2-CAAAGKTCAMWG	STREME-2	1.1e-002	chr9:98974657-98975375	8.16	tp	0
2-CAAAGKTCAMWG	STREME-2	1.1e-002	chr9:99266274-99266992	8.16	fp	0
2-CAAAGKTCAMWG	STREME-2	1.1e-002	chr3:134148549-134148935	8.16	tp	0
2-CAAAGKTCAMWG	STREME-2	1.1e-002	chr3:39291903-39292298	8.16	tp	0
2-CAAAGKTCAMWG	STREME-2	1.1e-002	chr20:16634715-16634951	8.16	tp	0
2-CAAAGKTCAMWG	STREME-2	1.1e-002	chr6:149028893-149029306	8.16	tp	0
2-CAAAGKTCAMWG	STREME-2	1.1e-002	chr10:73886054-73886405	8.12	fp	0
2-CAAAGKTCAMWG	STREME-2	1.1e-002	chr6:144775921-144776731	8.12	tp	0
2-CAAAGKTCAMWG	STREME-2	1.1e-002	chr12:51992993-51993464	8.12	tp	0
2-CAAAGKTCAMWG	STREME-2	1.1e-002	chr11:46392387-46392879	8.11	tp	0
2-CAAAGKTCAMWG	STREME-2	1.1e-002	chr1:155091086-155091947	8.11	fp	0
2-CAAAGKTCAMWG	STREME-2	1.1e-002	chr2:164917349-164917585	8.10	tp	0
2-CAAAGKTCAMWG	STREME-2	1.1e-002	chr2:191866673-191867580	8.10	tp	0
2-CAAAGKTCAMWG	STREME-2	1.1e-002	chr5:142814172-142814440	8.10	fp	0
2-CAAAGKTCAMWG	STREME-2	1.1e-002	chr13:49301051-49301636	8.10	fp	0
2-CAAAGKTCAMWG	STREME-2	1.1e-002	chr17:17693685-17694128	8.09	fp	0
2-CAAAGKTCAMWG	STREME-2	1.1e-002	chr12:42129674-42129948	8.09	fp	0
2-CAAAGKTCAMWG	STREME-2	1.1e-002	chr1:56563513-56563978	8.08	fp	0
2-CAAAGKTCAMWG	STREME-2	1.1e-002	chr18:35756454-35756858	8.08	fp	0
2-CAAAGKTCAMWG	STREME-2	1.1e-002	chr20:35010008-35010504	8.08	fp	0
2-CAAAGKTCAMWG	STREME-2	1.1e-002	chr12:52582914-52583471	8.08	tp	0
2-CAAAGKTCAMWG	STREME-2	1.1e-002	chr15:88246694-88247201	8.08	tp	0
2-CAAAGKTCAMWG	STREME-2	1.1e-002	chr5:42874821-42875183	8.08	tp	0
2-CAAAGKTCAMWG	STREME-2	1.1e-002	chr1:46446843-46447145	8.08	tp	0
2-CAAAGKTCAMWG	STREME-2	1.1e-002	chr2:191521709-191521917	8.07	fp	0
2-CAAAGKTCAMWG	STREME-2	1.1e-002	chr14:75258671-75259745	8.07	fp	0
2-CAAAGKTCAMWG	STREME-2	1.1e-002	chr11:119666354-119666786	8.06	tp	0
2-CAAAGKTCAMWG	STREME-2	1.1e-002	chr3:50435943-50436539	8.06	tp	0
2-CAAAGKTCAMWG	STREME-2	1.1e-002	chr7:21254129-21254368	8.05	tp	0
2-CAAAGKTCAMWG	STREME-2	1.1e-002	chr9:128043411-128043833	8.05	tp	0
2-CAAAGKTCAMWG	STREME-2	1.1e-002	chr10:110802607-110803104	8.05	tp	0
2-CAAAGKTCAMWG	STREME-2	1.1e-002	chr6:35027741-35028378	8.05	tp	0
2-CAAAGKTCAMWG	STREME-2	1.1e-002	chr12:71787441-71787988	8.05	tp	0
2-CAAAGKTCAMWG	STREME-2	1.1e-002	chr16:88473801-88474373	8.03	fp	0
2-CAAAGKTCAMWG	STREME-2	1.1e-002	chr3:67648207-67648673	8.03	fp	0
2-CAAAGKTCAMWG	STREME-2	1.1e-002	chr6:158220819-158221193	8.02	tp	0
2-CAAAGKTCAMWG	STREME-2	1.1e-002	chr8:125278220-125278632	8.02	tp	0
2-CAAAGKTCAMWG	STREME-2	1.1e-002	chr5:56838451-56838949	8.01	fp	0
2-CAAAGKTCAMWG	STREME-2	1.1e-002	chr4:183073437-183073903	8.01	tp	0
2-CAAAGKTCAMWG	STREME-2	1.1e-002	chr1:17419720-17420145	8.01	tp	0
2-CAAAGKTCAMWG	STREME-2	1.1e-002	chr7:135761819-135762892	8.00	tp	0
#
3-AAGAAAAAAAAAAAAA	STREME-3	2.9e-002	chr11:35932607-35933334	18.21	tp	0
3-AAGAAAAAAAAAAAAA	STREME-3	2.9e-002	chr1:187051651-187052114	17.11	tp	0
3-AAGAAAAAAAAAAAAA	STREME-3	2.9e-002	chr13:79541278-79541764	16.44	fp	0
3-AAGAAAAAAAAAAAAA	STREME-3	2.9e-002	chr8:70315453-70315930	16.21	tp	0
3-AAGAAAAAAAAAAAAA	STREME-3	2.9e-002	chr5:122515805-122516599	16.12	tp	0
3-AAGAAAAAAAAAAAAA	STREME-3	2.9e-002	chr3:56251384-56251660	15.90	tp	0
3-AAGAAAAAAAAAAAAA	STREME-3	2.9e-002	chr7:98276238-98276650	15.73	tp	0
3-AAGAAAAAAAAAAAAA	STREME-3	2.9e-002	chr15:68306652-68307157	15.48	tp	1
3-AAGAAAAAAAAAAAAA	STREME-3	2.9e-002	chr8:81512376-81512727	15.45	fp	0
3-AAGAAAAAAAAAAAAA	STREME-3	2.9e-002	chr12:94134109-94134567	15.27	tp	0
3-AAGAAAAAAAAAAAAA	STREME-3	2.9e-002	chr15:89057526-89057979	15.24	tp	0
3-AAGAAAAAAAAAAAAA	STREME-3	2.9e-002	chr15:35519617-35520011	14.99	fp	0
3-AAGAAAAAAAAAAAAA	STREME-3	2.9e-002	chr5:122515805-122516599	14.92	fp	0
3-AAGAAAAAAAAAAAAA	STREME-3	2.9e-002	chr8:60396915-60397481	14.72	tp	0
3-AAGAAAAAAAAAAAAA	STREME-3	2.9e-002	chr1:59315968-59316355	14.72	tp	0
3-AAGAAAAAAAAAAAAA	STREME-3	2.9e-002	chr1:17419720-17420145	14.63	fp	0
3-AAGAAAAAAAAAAAAA	STREME-3	2.9e-002	chr6:13761001-13761349	14.62	tp	0
3-AAGAAAAAAAAAAAAA	STREME-3	2.9e-002	chr3:139427404-139427914	14.51	tp	0
3-AAGAAAAAAAAAAAAA	STREME-3	2.9e-002	chr10:58177449-58177679	14.47	tp	0
3-AAGAAAAAAAAAAAAA	STREME-3	2.9e-002	chr17:32909723-32910624	14.45	fp	0
3-AAGAAAAAAAAAAAAA	STREME-3	2.9e-002	chr5:138283110-138283636	14.40	tp	0
3-AAGAAAAAAAAAAAAA	STREME-3	2.9e-002	chr10:58468338-58469011	14.35	tp	0
3-AAGAAAAAAAAAAAAA	STREME-3	2.9e-002	chr18:58493584-58494267	14.28	tp	0
3-AAGAAAAAAAAAAAAA	STREME-3	2.9e-002	chr20:9912930-9913199	14.25	tp	0
3-AAGAAAAAAAAAAAAA	STREME-3	2.9e-002	chr10:116787810-116788369	14.12	fp	0
3-AAGAAAAAAAAAAAAA	STREME-3	2.9e-002	chr10:118721109-118721343	14.12	fp	0
3-AAGAAAAAAAAAAAAA	STREME-3	2.9e-002	chr7:95686173-95686449	14.11	tp	0
3-AAGAAAAAAAAAAAAA	STREME-3	2.9e-002	chr17:60569744-60570098	14.04	tp	0
3-AAGAAAAAAAAAAAAA	STREME-3	2.9e-002	chr2:205675811-205676209	13.98	tp	0
3-AAGAAAAAAAAAAAAA	STREME-3	2.9e-002	chr18:54679465-54679944	13.96	tp	0
3-AAGAAAAAAAAAAAAA	STREME-3	2.9e-002	chr7:47180158-47180503	13.87	tp	0
3-AAGAAAAAAAAAAAAA	STREME-3	2.9e-002	chr7:25259610-25260027	13.84	tp	0
3-AAGAAAAAAAAAAAAA	STREME-3	2.9e-002	chr15:68306652-68307157	13.84	fp	0
3-AAGAAAAAAAAAAAAA	STREME-3	2.9e-002	chr5:112174917-112175336	13.82	tp	0
3-AAGAAAAAAAAAAAAA	STREME-3	2.9e-002	chr2:205675811-205676209	13.67	fp	0
3-AAGAAAAAAAAAAAAA	STREME-3	2.9e-002	chr17:79401129-79401563	13.66	tp	0
3-AAGAAAAAAAAAAAAA	STREME-3	2.9e-002	chr4:74531922-74532211	13.61	tp	0
3-AAGAAAAAAAAAAAAA	STREME-3	2.9e-002	chr1:74771982-74772392	13.58	fp	0
3-AAGAAAAAAAAAAAAA	STREME-3	2.9e-002	chr4:142353191-142353591	13.42	tp	0
3-AAGAAAAAAAAAAAAA	STREME-3	2.9e-002	chr1:178299944-178300406	13.42	fp	0
3-AAGAAAAAAAAAAAAA	STREME-3	2.9e-002	chr6:148464763-148465074	13.40	tp	0
3-AAGAAAAAAAAAAAAA	STREME-3	2.9e-002	chr4:14866590-14867188	13.39	tp	0
3-AAGAAAAAAAAAAAAA	STREME-3	2.9e-002	chr8:56028823-56029159	13.39	tp	0
3-AAGAAAAAAAAAAAAA	STREME-3	2.9e-002	chr10:102782051-102782491	13.39	tp	0
3-AAGAAAAAAAAAAAAA	STREME-3	2.9e-002	chr8:56028823-56029159	13.39	fp	0
3-AAGAAAAAAAAAAAAA	STREME-3	2.9e-002	chr18:62796220-62796823	13.34	tp	0
3-AAGAAAAAAAAAAAAA	STREME-3	2.9e-002	chr9:75996700-75997292	13.30	fp	0
3-AAGAAAAAAAAAAAAA	STREME-3	2.9e-002	chr1:172719573-172720015	13.28	tp	0
3-AAGAAAAAAAAAAAAA	STREME-3	2.9e-002	chrX:46642007-46642492	13.26	tp	0
3-AAGAAAAAAAAAAAAA	STREME-3	2.9e-002	chr6:52598150-52598585	13.24	tp	0
3-AAGAAAAAAAAAAAAA	STREME-3	2.9e-002	chr1:78145101-78145519	13.20	fp	1
3-AAGAAAAAAAAAAAAA	STREME-3	2.9e-002	chr7:116686753-116687374	13.14	tp	0
3-AAGAAAAAAAAAAAAA	STREME-3	2.9e-002	chr8:133559020-133559434	13.10	tp	0
3-AAGAAAAAAAAAAAAA	STREME-3	2.9e-002	chr8:118120579-118121044	13.02	tp	0
3-AAGAAAAAAAAAAAAA	STREME-3	2.9e-002	chr12:48165050-48165409	13.01	tp	0
3-AAGAAAAAAAAAAAAA	STREME-3	2.9e-002	chr6:111210133-111210763	12.95	tp	1
3-AAGAAAAAAAAAAAAA	STREME-3	2.9e-002	chr8:81512376-81512727	12.93	tp	0
3-AAGAAAAAAAAAAAAA	STREME-3	2.9e-002	chr10:7525338-7525852	12.90	tp	0
3-AAGAAAAAAAAAAAAA	STREME-3	2.9e-002	chr9:74773923-74774341	12.86	fp	0
3-AAGAAAAAAAAAAAAA	STREME-3	2.9e-002	chr7:18345573-18345986	12.82	fp	0
3-AAGAAAAAAAAAAAAA	STREME-3	2.9e-002	chrX:101595951-101596569	12.81	tp	0
3-AAGAAAAAAAAAAAAA	STREME-3	2.9e-002	chr8:100459743-100460069	12.74	tp	0
3-AAGAAAAAAAAAAAAA	STREME-3	2.9e-002	chr15:37995674-37996061	12.74	tp	0
3-AAGAAAAAAAAAAAAA	STREME-3	2.9e-002	chr15:37995674-37996061	12.73	fp	0
3-AAGAAAAAAAAAAAAA	STREME-3	2.9e-002	chr7:131057045-131057502	12.72	fp	0
3-AAGAAAAAAAAAAAAA	STREME-3	2.9e-002	chr6:99119470-99119896	12.70	fp	0
3-AAGAAAAAAAAAAAAA	STREME-3	2.9e-002	chr2:197378456-197379023	12.69	fp	0
3-AAGAAAAAAAAAAAAA	STREME-3	2.9e-002	chr3:40191907-40192260	12.67	fp	0
3-AAGAAAAAAAAAAAAA	STREME-3	2.9e-002	chr11:129117667-129117900	12.63	tp	0
3-AAGAAAAAAAAAAAAA	STREME-3	2.9e-002	chr8:132651435-132651876	12.54	tp	0
3-AAGAAAAAAAAAAAAA	STREME-3	2.9e-002	chr7:28062181-28062629	12.46	tp	0
3-AAGAAAAAAAAAAAAA	STREME-3	2.9e-002	chr12:89397968-89398671	12.43	tp	0
3-AAGAAAAAAAAAAAAA	STREME-3	2.9e-002	chr21:34094826-34095460	12.43	tp	0
3-AAGAAAAAAAAAAAAA	STREME-3	2.9e-002	chr9:123738654-123739055	12.42	tp	0
3-AAGAAAAAAAAAAAAA	STREME-3	2.9e-002	chr1:35202136-35202586	12.37	tp	0
3-AAGAAAAAAAAAAAAA	STREME-3	2.9e-002	chr9:35481450-35481797	12.36	tp	0
3-AAGAAAAAAAAAAAAA	STREME-3	2.9e-002	chr13:113150078-113150695	12.36	fp	0
3-AAGAAAAAAAAAAAAA	STREME-3	2.9e-002	chr4:103091571-103091994	12.35	fp	0
3-AAGAAAAAAAAAAAAA	STREME-3	2.9e-002	chr8:33681361-33681826	12.32	fp	0
3-AAGAAAAAAAAAAAAA	STREME-3	2.9e-002	chr15:63472867-63473301	12.31	tp	0
3-AAGAAAAAAAAAAAAA	STREME-3	2.9e-002	chr8:85297314-85297724	12.28	tp	0
3-AAGAAAAAAAAAAAAA	STREME-3	2.9e-002	chr5:96344731-96345094	12.23	fp	0
3-AAGAAAAAAAAAAAAA	STREME-3	2.9e-002	chr12:21828819-21829311	12.21	fp	1
3-AAGAAAAAAAAAAAAA	STREME-3	2.9e-002	chr6:79713660-79713990	12.20	fp	0
3-AAGAAAAAAAAAAAAA	STREME-3	2.9e-002	chr1:184982049-184982457	12.17	tp	0
3-AAGAAAAAAAAAAAAA	STREME-3	2.9e-002	chr14:66624331-66625014	12.17	tp	0
3-AAGAAAAAAAAAAAAA	STREME-3	2.9e-002	chr5:56838451-56838949	12.17	tp	0
3-AAGAAAAAAAAAAAAA	STREME-3	2.9e-002	chr13:100542783-100543099	12.17	tp	1
3-AAGAAAAAAAAAAAAA	STREME-3	2.9e-002	chr11:47863162-47863654	12.16	tp	0
3-AAGAAAAAAAAAAAAA	STREME-3	2.9e-002	chr10:116288001-116288310	12.16	tp	0
3-AAGAAAAAAAAAAAAA	STREME-3	2.9e-002	chr3:5057845-5058156	12.16	fp	0
3-AAGAAAAAAAAAAAAA	STREME-3	2.9e-002	chr13:101127820-101128077	12.16	fp	1
3-AAGAAAAAAAAAAAAA	STREME-3	2.9e-002	chr18:54679465-54679944	12.13	fp	0
3-AAGAAAAAAAAAAAAA	STREME-3	2.9e-002	chr4:154471782-154472288	12.09	fp	0
3-AAGAAAAAAAAAAAAA	STREME-3	2.9e-002	chr18:35756454-35756858	12.07	tp	0
3-AAGAAAAAAAAAAAAA	STREME-3	2.9e-002	chr15:94670426-94670749	12.07	fp	0
3-AAGAAAAAAAAAAAAA	STREME-3	2.9e-002	chr2:170530126-170530712	12.03	tp	0
3-AAGAAAAAAAAAAAAA	STREME-3	2.9e-002	chr13:20943300-20944042	12.03	tp	0
3-AAGAAAAAAAAAAAAA	STREME-3	2.9e-002	chr1:10489807-10490099	12.03	tp	0
3-AAGAAAAAAAAAAAAA	STREME-3	2.9e-002	chr16:67816407-67816939	12.02	tp	0
3-AAGAAAAAAAAAAAAA	STREME-3	2.9e-002	chr17:55348807-55349093	11.98	fp	0
3-AAGAAAAAAAAAAAAA	STREME-3	2.9e-002	chr16:66344611-66345001	11.98	tp	0
3-AAGAAAAAAAAAAAAA	STREME-3	2.9e-002	chr1:74771982-74772392	11.96	tp	0
3-AAGAAAAAAAAAAAAA	STREME-3	2.9e-002	chr1:169523937-169524436	11.95	tp	0
3-AAGAAAAAAAAAAAAA	STREME-3	2.9e-002	chr10:112565528-112565775	11.95	tp	0
3-AAGAAAAAAAAAAAAA	STREME-3	2.9e-002	chr6:106787193-106788325	11.94	fp	0
3-AAGAAAAAAAAAAAAA	STREME-3	2.9e-002	chr1:54069902-54070403	11.92	fp	0
3-AAGAAAAAAAAAAAAA	STREME-3	2.9e-002	chr12:57905008-57905784	11.88	tp	0
3-AAGAAAAAAAAAAAAA	STREME-3	2.9e-002	chr2:43174250-43174845	11.87	tp	1
3-AAGAAAAAAAAAAAAA	STREME-3	2.9e-002	chr1:209528000-209528584	11.86	tp	0
3-AAGAAAAAAAAAAAAA	STREME-3	2.9e-002	chr19:7265862-7266371	11.86	tp	0
3-AAGAAAAAAAAAAAAA	STREME-3	2.9e-002	chr14:59283368-59283915	11.86	tp	0
3-AAGAAAAAAAAAAAAA	STREME-3	2.9e-002	chr11:76801818-76802117	11.85	tp	0
3-AAGAAAAAAAAAAAAA	STREME-3	2.9e-002	chr10:23525474-23525925	11.83	fp	0
3-AAGAAAAAAAAAAAAA	STREME-3	2.9e-002	chr18:28189310-28189717	11.82	tp	1
3-AAGAAAAAAAAAAAAA	STREME-3	2.9e-002	chr8:119353982-119354410	11.81	fp	0
3-AAGAAAAAAAAAAAAA	STREME-3	2.9e-002	chr3:114697378-114697925	11.79	fp	0
3-AAGAAAAAAAAAAAAA	STREME-3	2.9e-002	chr15:50247826-50248116	11.78	tp	0
3-AAGAAAAAAAAAAAAA	STREME-3	2.9e-002	chr14:69460104-69460442	11.78	tp	0
3-AAGAAAAAAAAAAAAA	STREME-3	2.9e-002	chr3:40191907-40192260	11.76	tp	0
3-AAGAAAAAAAAAAAAA	STREME-3	2.9e-002	chr8:33681361-33681826	11.75	tp	0
3-AAGAAAAAAAAAAAAA	STREME-3	2.9e-002	chr12:89162651-89163209	11.73	tp	0
3-AAGAAAAAAAAAAAAA	STREME-3	2.9e-002	chr12:89544783-89545341	11.73	tp	0
3-AAGAAAAAAAAAAAAA	STREME-3	2.9e-002	chr16:22077741-22078104	11.72	tp	0
3-AAGAAAAAAAAAAAAA	STREME-3	2.9e-002	chr15:60520845-60521156	11.71	tp	0
3-AAGAAAAAAAAAAAAA	STREME-3	2.9e-002	chr1:169928850-169929206	11.70	fp	0
3-AAGAAAAAAAAAAAAA	STREME-3	2.9e-002	chrX:20067075-20067507	11.70	tp	0
3-AAGAAAAAAAAAAAAA	STREME-3	2.9e-002	chr14:67942172-67942657	11.70	fp	0
3-AAGAAAAAAAAAAAAA	STREME-3	2.9e-002	chr12:3777267-3777510	11.69	fp	0
3-AAGAAAAAAAAAAAAA	STREME-3	2.9e-002	chr14:66624331-66625014	11.69	fp	1
3-AAGAAAAAAAAAAAAA	STREME-3	2.9e-002	chr1:54278028-54278431	11.67	tp	0
3-AAGAAAAAAAAAAAAA	STREME-3	2.9e-002	chr6:139364018-139364731	11.67	tp	0
3-AAGAAAAAAAAAAAAA	STREME-3	2.9e-002	chr1:209692746-209693296	11.66	tp	0
3-AAGAAAAAAAAAAAAA	STREME-3	2.9e-002	chr7:5696000-5696372	11.63	tp	0
3-AAGAAAAAAAAAAAAA	STREME-3	2.9e-002	chr1:187051651-187052114	11.61	fp	0
3-AAGAAAAAAAAAAAAA	STREME-3	2.9e-002	chr1:3618801-3619489	11.61	tp	0
3-AAGAAAAAAAAAAAAA	STREME-3	2.9e-002	chr16:75789084-75789501	11.59	tp	0
3-AAGAAAAAAAAAAAAA	STREME-3	2.9e-002	chr9:17462861-17463160	11.57	tp	0
3-AAGAAAAAAAAAAAAA	STREME-3	2.9e-002	chr15:98794799-98795114	11.55	tp	0
3-AAGAAAAAAAAAAAAA	STREME-3	2.9e-002	chr10:33193409-33193720	11.51	fp	0
3-AAGAAAAAAAAAAAAA	STREME-3	2.9e-002	chr1:213958370-213958750	11.49	fp	0
3-AAGAAAAAAAAAAAAA	STREME-3	2.9e-002	chr1:39653531-39653956	11.46	tp	0
3-AAGAAAAAAAAAAAAA	STREME-3	2.9e-002	chr7:87339127-87339931	11.46	tp	1
3-AAGAAAAAAAAAAAAA	STREME-3	2.9e-002	chr14:36604706-36605438	11.45	tp	0
3-AAGAAAAAAAAAAAAA	STREME-3	2.9e-002	chr7:16982706-16983093	11.45	tp	0
3-AAGAAAAAAAAAAAAA	STREME-3	2.9e-002	chr2:18378105-18378339	11.45	fp	0
3-AAGAAAAAAAAAAAAA	STREME-3	2.9e-002	chr15:57437601-57438191	11.44	fp	0
3-AAGAAAAAAAAAAAAA	STREME-3	2.9e-002	chr4:139951126-139951642	11.44	tp	0
3-AAGAAAAAAAAAAAAA	STREME-3	2.9e-002	chr1:158124991-158125393	11.43	tp	0
3-AAGAAAAAAAAAAAAA	STREME-3	2.9e-002	chr4:121370826-121371060	11.42	fp	0
3-AAGAAAAAAAAAAAAA	STREME-3	2.9e-002	chr1:89987214-89987747	11.39	tp	1
3-AAGAAAAAAAAAAAAA	STREME-3	2.9e-002	chr8:40162423-40162767	11.38	tp	0
3-AAGAAAAAAAAAAAAA	STREME-3	2.9e-002	chr8:132651435-132651876	11.38	fp	0
3-AAGAAAAAAAAAAAAA	STREME-3	2.9e-002	chr1:169928850-169929206	11.35	tp	0
3-AAGAAAAAAAAAAAAA	STREME-3	2.9e-002	chr1:66175979-66176412	11.34	fp	0
3-AAGAAAAAAAAAAAAA	STREME-3	2.9e-002	chr10:91198524-91199188	11.34	tp	0
3-AAGAAAAAAAAAAAAA	STREME-3	2.9e-002	chr11:100576475-100576727	11.33	tp	0
3-AAGAAAAAAAAAAAAA	STREME-3	2.9e-002	chr6:133512505-133512736	11.31	tp	0
3-AAGAAAAAAAAAAAAA	STREME-3	2.9e-002	chr12:79555542-79555832	11.26	tp	0
3-AAGAAAAAAAAAAAAA	STREME-3	2.9e-002	chr8:58471143-58471487	11.25	tp	0
3-AAGAAAAAAAAAAAAA	STREME-3	2.9e-002	chr18:31206783-31207283	11.24	tp	1
3-AAGAAAAAAAAAAAAA	STREME-3	2.9e-002	chr21:15552950-15553467	11.23	tp	0
3-AAGAAAAAAAAAAAAA	STREME-3	2.9e-002	chr14:58072480-58072921	11.23	tp	0
3-AAGAAAAAAAAAAAAA	STREME-3	2.9e-002	chr2:43174250-43174845	11.22	fp	0
3-AAGAAAAAAAAAAAAA	STREME-3	2.9e-002	chr1:185595968-185596395	11.19	tp	0
3-AAGAAAAAAAAAAAAA	STREME-3	2.9e-002	chrX:134484119-134484328	11.19	fp	0
3-AAGAAAAAAAAAAAAA	STREME-3	2.9e-002	chr20:9978285-9978902	11.19	fp	0
3-AAGAAAAAAAAAAAAA	STREME-3	2.9e-002	chr1:111769386-111769874	11.19	tp	1
3-AAGAAAAAAAAAAAAA	STREME-3	2.9e-002	chr1:35202136-35202586	11.19	fp	0
3-AAGAAAAAAAAAAAAA	STREME-3	2.9e-002	chr5:95759675-95759999	11.15	tp	0
3-AAGAAAAAAAAAAAAA	STREME-3	2.9e-002	chr4:38062000-38062475	11.15	tp	0
3-AAGAAAAAAAAAAAAA	STREME-3	2.9e-002	chr1:41268117-41268700	11.14	tp	0
3-AAGAAAAAAAAAAAAA	STREME-3	2.9e-002	chr7:11341183-11341640	11.14	tp	0
3-AAGAAAAAAAAAAAAA	STREME-3	2.9e-002	chr1:53860854-53861418	11.14	fp	0
3-AAGAAAAAAAAAAAAA	STREME-3	2.9e-002	chr8:133449318-133449805	11.13	fp	0
3-AAGAAAAAAAAAAAAA	STREME-3	2.9e-002	chr9:686347-686826	11.12	tp	0
3-AAGAAAAAAAAAAAAA	STREME-3	2.9e-002	chr10:23293225-23293495	11.12	tp	0
3-AAGAAAAAAAAAAAAA	STREME-3	2.9e-002	chr8:9029840-9030140	11.12	fp	0
3-AAGAAAAAAAAAAAAA	STREME-3	2.9e-002	chr1:89804677-89805079	11.12	tp	1
3-AAGAAAAAAAAAAAAA	STREME-3	2.9e-002	chr9:17462861-17463160	11.12	fp	0
3-AAGAAAAAAAAAAAAA	STREME-3	2.9e-002	chr18:44821771-44822272	11.12	tp	0
3-AAGAAAAAAAAAAAAA	STREME-3	2.9e-002	chr3:78988396-78988701	11.11	tp	0
3-AAGAAAAAAAAAAAAA	STREME-3	2.9e-002	chr4:89294509-89294889	11.10	fp	0
3-AAGAAAAAAAAAAAAA	STREME-3	2.9e-002	chr8:73504496-73504764	11.09	tp	0
3-AAGAAAAAAAAAAAAA	STREME-3	2.9e-002	chr11:88016449-88016941	11.09	fp	0
3-AAGAAAAAAAAAAAAA	STREME-3	2.9e-002	chr21:17387082-17387366	11.09	tp	0
3-AAGAAAAAAAAAAAAA	STREME-3	2.9e-002	chr4:158253276-158253676	11.06	fp	1
3-AAGAAAAAAAAAAAAA	STREME-3	2.9e-002	chr2:163717520-163717794	11.05	tp	0
3-AAGAAAAAAAAAAAAA	STREME-3	2.9e-002	chr6:73610354-73610759	11.04	tp	1
3-AAGAAAAAAAAAAAAA	STREME-3	2.9e-002	chr12:110512347-110512732	11.04	tp	0
3-AAGAAAAAAAAAAAAA	STREME-3	2.9e-002	chr14:91911620-91911902	11.03	fp	0
3-AAGAAAAAAAAAAAAA	STREME-3	2.9e-002	chr7:116173095-116173382	11.03	tp	0
3-AAGAAAAAAAAAAAAA	STREME-3	2.9e-002	chr12:89179961-89180401	11.02	fp	0
3-AAGAAAAAAAAAAAAA	STREME-3	2.9e-002	chr20:54649500-54649790	11.02	tp	0
3-AAGAAAAAAAAAAAAA	STREME-3	2.9e-002	chr6:134156816-134157176	11.01	tp	0
3-AAGAAAAAAAAAAAAA	STREME-3	2.9e-002	chr9:109469711-109470178	10.97	fp	1
3-AAGAAAAAAAAAAAAA	STREME-3	2.9e-002	chrX:118847662-118847980	10.95	fp	0
3-AAGAAAAAAAAAAAAA	STREME-3	2.9e-002	chr1:161741384-161741788	10.95	tp	0
3-AAGAAAAAAAAAAAAA	STREME-3	2.9e-002	chr18:8389524-8389940	10.94	fp	1
3-AAGAAAAAAAAAAAAA	STREME-3	2.9e-002	chr8:86703378-86703836	10.93	tp	0
3-AAGAAAAAAAAAAAAA	STREME-3	2.9e-002	chr1:196317997-196318386	10.93	fp	0
3-AAGAAAAAAAAAAAAA	STREME-3	2.9e-002	chr8:109735269-109735605	10.91	tp	0
3-AAGAAAAAAAAAAAAA	STREME-3	2.9e-002	chr14:90903079-90903335	10.91	tp	0
3-AAGAAAAAAAAAAAAA	STREME-3	2.9e-002	chr9:32251503-32251940	10.89	tp	0
3-AAGAAAAAAAAAAAAA	STREME-3	2.9e-002	chr3:160707358-160708045	10.89	tp	0
3-AAGAAAAAAAAAAAAA	STREME-3	2.9e-002	chrX:107700275-107700752	10.88	tp	0
3-AAGAAAAAAAAAAAAA	STREME-3	2.9e-002	chr7:47180158-47180503	10.88	fp	0
3-AAGAAAAAAAAAAAAA	STREME-3	2.9e-002	chr15:89870697-89870990	10.86	tp	0
3-AAGAAAAAAAAAAAAA	STREME-3	2.9e-002	chr18:59823513-59823954	10.85	tp	0
3-AAGAAAAAAAAAAAAA	STREME-3	2.9e-002	chr22:43436163-43436838	10.84	fp	0
3-AAGAAAAAAAAAAAAA	STREME-3	2.9e-002	chr3:139427404-139427914	10.84	fp	0
3-AAGAAAAAAAAAAAAA	STREME-3	2.9e-002	chr13:33260364-33260727	10.83	fp	0
3-AAGAAAAAAAAAAAAA	STREME-3	2.9e-002	chr18:8301435-8301784	10.83	fp	0
3-AAGAAAAAAAAAAAAA	STREME-3	2.9e-002	chr7:93055676-93055936	10.82	tp	0
3-AAGAAAAAAAAAAAAA	STREME-3	2.9e-002	chr12:98373044-98373327	10.82	fp	0
3-AAGAAAAAAAAAAAAA	STREME-3	2.9e-002	chr3:194075827-194076155	10.82	tp	0
3-AAGAAAAAAAAAAAAA	STREME-3	2.9e-002	chr5:126414918-126415602	10.81	tp	1
3-AAGAAAAAAAAAAAAA	STREME-3	2.9e-002	chr2:42141289-42142057	10.81	tp	1
3-AAGAAAAAAAAAAAAA	STREME-3	2.9e-002	chr8:32574809-32575653	10.77	fp	0
3-AAGAAAAAAAAAAAAA	STREME-3	2.9e-002	chr4:74531922-74532211	10.77	fp	0
3-AAGAAAAAAAAAAAAA	STREME-3	2.9e-002	chr6:35583878-35584255	10.77	tp	0
3-AAGAAAAAAAAAAAAA	STREME-3	2.9e-002	chr12:48165050-48165409	10.76	fp	0
3-AAGAAAAAAAAAAAAA	STREME-3	2.9e-002	chr11:61129713-61130393	10.75	fp	0
3-AAGAAAAAAAAAAAAA	STREME-3	2.9e-002	chr1:206693538-206693960	10.75	tp	0
3-AAGAAAAAAAAAAAAA	STREME-3	2.9e-002	chr1:178299944-178300406	10.72	tp	1
3-AAGAAAAAAAAAAAAA	STREME-3	2.9e-002	chr3:152376528-152377140	10.70	tp	0
3-AAGAAAAAAAAAAAAA	STREME-3	2.9e-002	chr3:8971052-8971459	10.69	tp	0
3-AAGAAAAAAAAAAAAA	STREME-3	2.9e-002	chr5:16521358-16522153	10.69	fp	0
3-AAGAAAAAAAAAAAAA	STREME-3	2.9e-002	chr12:50980625-50981032	10.69	tp	0
3-AAGAAAAAAAAAAAAA	STREME-3	2.9e-002	chr4:153127675-153128233	10.69	tp	0
3-AAGAAAAAAAAAAAAA	STREME-3	2.9e-002	chr4:155371549-155371776	10.69	fp	0
3-AAGAAAAAAAAAAAAA	STREME-3	2.9e-002	chr4:109406370-109406708	10.68	tp	0
3-AAGAAAAAAAAAAAAA	STREME-3	2.9e-002	chr1:234716336-234716731	10.67	tp	0
3-AAGAAAAAAAAAAAAA	STREME-3	2.9e-002	chr2:143034314-143034683	10.66	tp	0
3-AAGAAAAAAAAAAAAA	STREME-3	2.9e-002	chr11:32968586-32968905	10.66	fp	0
3-AAGAAAAAAAAAAAAA	STREME-3	2.9e-002	chr2:217950369-217951020	10.66	tp	0
3-AAGAAAAAAAAAAAAA	STREME-3	2.9e-002	chr3:111802101-111802865	10.65	fp	0
3-AAGAAAAAAAAAAAAA	STREME-3	2.9e-002	chr4:158823410-158823841	10.63	tp	0
3-AAGAAAAAAAAAAAAA	STREME-3	2.9e-002	chr18:13557973-13558563	10.62	tp	0
3-AAGAAAAAAAAAAAAA	STREME-3	2.9e-002	chr11:88016449-88016941	10.58	tp	0
3-AAGAAAAAAAAAAAAA	STREME-3	2.9e-002	chr8:73504496-73504764	10.58	fp	0
3-AAGAAAAAAAAAAAAA	STREME-3	2.9e-002	chr3:16918533-16919009	10.57	tp	0
3-AAGAAAAAAAAAAAAA	STREME-3	2.9e-002	chr6:124795767-124796211	10.57	tp	0
3-AAGAAAAAAAAAAAAA	STREME-3	2.9e-002	chr18:62796220-62796823	10.57	fp	1
3-AAGAAAAAAAAAAAAA	STREME-3	2.9e-002	chr9:121609755-121610377	10.56	tp	0
3-AAGAAAAAAAAAAAAA	STREME-3	2.9e-002	chr11:129117667-129117900	10.55	fp	0
3-AAGAAAAAAAAAAAAA	STREME-3	2.9e-002	chr4:103091571-103091994	10.52	tp	0
3-AAGAAAAAAAAAAAAA	STREME-3	2.9e-002	chr9:124617545-124617890	10.51	tp	0
3-AAGAAAAAAAAAAAAA	STREME-3	2.9e-002	chr3:123258856-123259178	10.51	fp	1
3-AAGAAAAAAAAAAAAA	STREME-3	2.9e-002	chr10:77004983-77005353	10.50	fp	0
3-AAGAAAAAAAAAAAAA	STREME-3	2.9e-002	chr17:50852049-50852432	10.47	tp	1
3-AAGAAAAAAAAAAAAA	STREME-3	2.9e-002	chr20:17605110-17605949	10.46	tp	0
3-AAGAAAAAAAAAAAAA	STREME-3	2.9e-002	chr8:58471143-58471487	10.44	fp	0
3-AAGAAAAAAAAAAAAA	STREME-3	2.9e-002	chr17:79401129-79401563	10.43	fp	0
3-AAGAAAAAAAAAAAAA	STREME-3	2.9e-002	chr7:29408792-29409187	10.43	fp	0
3-AAGAAAAAAAAAAAAA	STREME-3	2.9e-002	chr3:165185623-165186216	10.42	tp	0
3-AAGAAAAAAAAAAAAA	STREME-3	2.9e-002	chr4:146095175-146095539	10.41	fp	0
3-AAGAAAAAAAAAAAAA	STREME-3	2.9e-002	chr3:79032750-79033029	10.40	tp	0
3-AAGAAAAAAAAAAAAA	STREME-3	2.9e-002	chr8:133559020-133559434	10.39	fp	0
3-AAGAAAAAAAAAAAAA	STREME-3	2.9e-002	chr3:30112857-30113197	10.39	fp	0
3-AAGAAAAAAAAAAAAA	STREME-3	2.9e-002	chr2:164560282-164560532	10.38	tp	0
3-AAGAAAAAAAAAAAAA	STREME-3	2.9e-002	chr8:11718707-11719223	10.36	tp	0
3-AAGAAAAAAAAAAAAA	STREME-3	2.9e-002	chr3:30112857-30113197	10.35	tp	0
3-AAGAAAAAAAAAAAAA	STREME-3	2.9e-002	chr1:172090155-172090532	10.35	fp	0
3-AAGAAAAAAAAAAAAA	STREME-3	2.9e-002	chr2:160294351-160294884	10.33	tp	1
3-AAGAAAAAAAAAAAAA	STREME-3	2.9e-002	chr18:59057156-59057535	10.33	fp	0
3-AAGAAAAAAAAAAAAA	STREME-3	2.9e-002	chr3:109023574-109024104	10.33	tp	0
3-AAGAAAAAAAAAAAAA	STREME-3	2.9e-002	chr5:15995343-15995757	10.32	fp	0
3-AAGAAAAAAAAAAAAA	STREME-3	2.9e-002	chr6:44431198-44431418	10.32	tp	0
3-AAGAAAAAAAAAAAAA	STREME-3	2.9e-002	chr11:19821312-19821976	10.30	tp	0
3-AAGAAAAAAAAAAAAA	STREME-3	2.9e-002	chr9:74773923-74774341	10.30	tp	0
3-AAGAAAAAAAAAAAAA	STREME-3	2.9e-002	chr2:212686297-212686757	10.29	tp	0
3-AAGAAAAAAAAAAAAA	STREME-3	2.9e-002	chr14:91911620-91911902	10.29	tp	0
3-AAGAAAAAAAAAAAAA	STREME-3	2.9e-002	chr17:48457147-48457578	10.27	tp	0
3-AAGAAAAAAAAAAAAA	STREME-3	2.9e-002	chr15:83438598-83438981	10.25	tp	0
3-AAGAAAAAAAAAAAAA	STREME-3	2.9e-002	chr3:161559483-161559758	10.24	tp	1
3-AAGAAAAAAAAAAAAA	STREME-3	2.9e-002	chr2:227238162-227238589	10.24	tp	0
3-AAGAAAAAAAAAAAAA	STREME-3	2.9e-002	chr11:116888880-116889441	10.24	fp	0
3-AAGAAAAAAAAAAAAA	STREME-3	2.9e-002	chr7:98276238-98276650	10.22	fp	0
3-AAGAAAAAAAAAAAAA	STREME-3	2.9e-002	chr9:112119320-112120053	10.21	fp	0
3-AAGAAAAAAAAAAAAA	STREME-3	2.9e-002	chr2:75464658-75465000	10.21	fp	0
3-AAGAAAAAAAAAAAAA	STREME-3	2.9e-002	chr14:55161046-55161310	10.21	tp	0
3-AAGAAAAAAAAAAAAA	STREME-3	2.9e-002	chr12:104944136-104944702	10.19	tp	1
3-AAGAAAAAAAAAAAAA	STREME-3	2.9e-002	chr8:18868421-18868785	10.19	fp	0
3-AAGAAAAAAAAAAAAA	STREME-3	2.9e-002	chr13:77751438-77752234	10.17	fp	0
3-AAGAAAAAAAAAAAAA	STREME-3	2.9e-002	chr6:5143485-5143946	10.16	fp	0
3-AAGAAAAAAAAAAAAA	STREME-3	2.9e-002	chr3:124351603-124352066	10.15	tp	0
3-AAGAAAAAAAAAAAAA	STREME-3	2.9e-002	chr13:40966349-40966664	10.14	tp	0
3-AAGAAAAAAAAAAAAA	STREME-3	2.9e-002	chr11:19981256-19981833	10.14	tp	0
3-AAGAAAAAAAAAAAAA	STREME-3	2.9e-002	chr15:69561266-69561879	10.13	fp	1
3-AAGAAAAAAAAAAAAA	STREME-3	2.9e-002	chr15:35519617-35520011	10.12	tp	0
3-AAGAAAAAAAAAAAAA	STREME-3	2.9e-002	chr9:93962709-93963440	10.12	tp	0
3-AAGAAAAAAAAAAAAA	STREME-3	2.9e-002	chr2:20201124-20201529	10.11	tp	0
3-AAGAAAAAAAAAAAAA	STREME-3	2.9e-002	chr3:4290360-4290631	10.11	tp	0
3-AAGAAAAAAAAAAAAA	STREME-3	2.9e-002	chr2:165008708-165009298	10.10	tp	1
3-AAGAAAAAAAAAAAAA	STREME-3	2.9e-002	chr6:55069131-55069473	10.10	tp	0
3-AAGAAAAAAAAAAAAA	STREME-3	2.9e-002	chr9:15155806-15156145	10.10	tp	1
3-AAGAAAAAAAAAAAAA	STREME-3	2.9e-002	chr12:62799199-62799610	10.09	fp	0
3-AAGAAAAAAAAAAAAA	STREME-3	2.9e-002	chr10:60977635-60978066	10.09	fp	0
3-AAGAAAAAAAAAAAAA	STREME-3	2.9e-002	chr11:7688273-7688568	10.09	tp	0
3-AAGAAAAAAAAAAAAA	STREME-3	2.9e-002	chr3:143775406-143775931	10.07	tp	0
3-AAGAAAAAAAAAAAAA	STREME-3	2.9e-002	chr6:118746098-118746437	10.07	tp	0
3-AAGAAAAAAAAAAAAA	STREME-3	2.9e-002	chr16:82027516-82028286	10.07	fp	0
3-AAGAAAAAAAAAAAAA	STREME-3	2.9e-002	chrX:118847662-118847980	10.07	tp	0
3-AAGAAAAAAAAAAAAA	STREME-3	2.9e-002	chr6:106301026-106301274	10.06	fp	0
3-AAGAAAAAAAAAAAAA	STREME-3	2.9e-002	chr4:159248729-159249190	10.06	tp	0
3-AAGAAAAAAAAAAAAA	STREME-3	2.9e-002	chr1:75265738-75266026	10.05	fp	0
3-AAGAAAAAAAAAAAAA	STREME-3	2.9e-002	chr5:124605355-124605881	10.04	fp	0
3-AAGAAAAAAAAAAAAA	STREME-3	2.9e-002	chr2:74587592-74588146	10.04	tp	0
3-AAGAAAAAAAAAAAAA	STREME-3	2.9e-002	chr9:15155806-15156145	10.04	fp	0
3-AAGAAAAAAAAAAAAA	STREME-3	2.9e-002	chr5:65742632-65742984	10.03	tp	0
3-AAGAAAAAAAAAAAAA	STREME-3	2.9e-002	chr6:144104678-144105282	10.02	fp	0
3-AAGAAAAAAAAAAAAA	STREME-3	2.9e-002	chr4:145061404-145061940	10.01	fp	0
3-AAGAAAAAAAAAAAAA	STREME-3	2.9e-002	chr3:115819795-115820270	10.01	tp	0
3-AAGAAAAAAAAAAAAA	STREME-3	2.9e-002	chr3:69161638-69161978	10.01	fp	0
3-AAGAAAAAAAAAAAAA	STREME-3	2.9e-002	chr11:66834255-66834977	10.01	tp	0
3-AAGAAAAAAAAAAAAA	STREME-3	2.9e-002	chr5:96338618-96339153	10.00	tp	1
3-AAGAAAAAAAAAAAAA	STREME-3	2.9e-002	chr15:52974177-52974778	10.00	fp	0
3-AAGAAAAAAAAAAAAA	STREME-3	2.9e-002	chr4:73341430-73341747	9.99	fp	0
3-AAGAAAAAAAAAAAAA	STREME-3	2.9e-002	chr1:101288312-101289069	9.98	fp	0
3-AAGAAAAAAAAAAAAA	STREME-3	2.9e-002	chr6:116216902-116217356	9.97	fp	1
3-AAGAAAAAAAAAAAAA	STREME-3	2.9e-002	chr2:189552049-189552754	9.97	fp	0
3-AAGAAAAAAAAAAAAA	STREME-3	2.9e-002	chr18:22020128-22020752	9.96	tp	1
3-AAGAAAAAAAAAAAAA	STREME-3	2.9e-002	chr11:100932553-100932810	9.95	fp	1
3-AAGAAAAAAAAAAAAA	STREME-3	2.9e-002	chr12:69154399-69154901	9.94	fp	0
3-AAGAAAAAAAAAAAAA	STREME-3	2.9e-002	chr3:192467194-192467589	9.94	fp	0
3-AAGAAAAAAAAAAAAA	STREME-3	2.9e-002	chr9:15135047-15135629	9.94	tp	0
3-AAGAAAAAAAAAAAAA	STREME-3	2.9e-002	chr5:96868756-96869396	9.93	fp	0
3-AAGAAAAAAAAAAAAA	STREME-3	2.9e-002	chr4:85147412-85147922	9.92	tp	0
3-AAGAAAAAAAAAAAAA	STREME-3	2.9e-002	chr2:36785241-36785514	9.92	tp	0
3-AAGAAAAAAAAAAAAA	STREME-3	2.9e-002	chr10:11515490-11515958	9.91	tp	1
3-AAGAAAAAAAAAAAAA	STREME-3	2.9e-002	chr4:16264875-16265152	9.91	tp	0
3-AAGAAAAAAAAAAAAA	STREME-3	2.9e-002	chr6:26568554-26568969	9.91	tp	0
3-AAGAAAAAAAAAAAAA	STREME-3	2.9e-002	chr10:92087675-92088338	9.90	tp	1
3-AAGAAAAAAAAAAAAA	STREME-3	2.9e-002	chr8:119353982-119354410	9.88	tp	0
3-AAGAAAAAAAAAAAAA	STREME-3	2.9e-002	chr11:19981256-19981833	9.86	fp	0
3-AAGAAAAAAAAAAAAA	STREME-3	2.9e-002	chr9:69190054-69190771	9.85	tp	0
3-AAGAAAAAAAAAAAAA	STREME-3	2.9e-002	chr5:64811073-64811377	9.85	fp	0
3-AAGAAAAAAAAAAAAA	STREME-3	2.9e-002	chr8:79684593-79684933	9.84	tp	0
3-AAGAAAAAAAAAAAAA	STREME-3	2.9e-002	chr13:35164329-35164741	9.84	fp	0
3-AAGAAAAAAAAAAAAA	STREME-3	2.9e-002	chr7:131057045-131057502	9.83	tp	0
3-AAGAAAAAAAAAAAAA	STREME-3	2.9e-002	chr6:20455157-20455859	9.83	fp	0
3-AAGAAAAAAAAAAAAA	STREME-3	2.9e-002	chr6:82270846-82271183	9.78	fp	0
3-AAGAAAAAAAAAAAAA	STREME-3	2.9e-002	chr21:34908375-34909001	9.78	tp	0
3-AAGAAAAAAAAAAAAA	STREME-3	2.9e-002	chr2:229133107-229133532	9.76	tp	0
3-AAGAAAAAAAAAAAAA	STREME-3	2.9e-002	chr5:12023564-12023961	9.76	tp	0
3-AAGAAAAAAAAAAAAA	STREME-3	2.9e-002	chr3:119891866-119892532	9.76	tp	0
3-AAGAAAAAAAAAAAAA	STREME-3	2.9e-002	chr5:90878630-90879226	9.76	tp	0
3-AAGAAAAAAAAAAAAA	STREME-3	2.9e-002	chr1:239897834-239898502	9.75	fp	1
3-AAGAAAAAAAAAAAAA	STREME-3	2.9e-002	chr6:148166400-148166695	9.75	fp	0
3-AAGAAAAAAAAAAAAA	STREME-3	2.9e-002	chr19:46875616-46876398	9.72	tp	0
3-AAGAAAAAAAAAAAAA	STREME-3	2.9e-002	chr4:78951759-78952203	9.72	tp	0
3-AAGAAAAAAAAAAAAA	STREME-3	2.9e-002	chr9:100028098-100028633	9.72	tp	0
3-AAGAAAAAAAAAAAAA	STREME-3	2.9e-002	chr1:46477465-46477762	9.71	tp	0
3-AAGAAAAAAAAAAAAA	STREME-3	2.9e-002	chr16:71558266-71558567	9.71	tp	0
3-AAGAAAAAAAAAAAAA	STREME-3	2.9e-002	chr11:35932607-35933334	9.71	fp	0
3-AAGAAAAAAAAAAAAA	STREME-3	2.9e-002	chr4:89024104-89024663	9.70	tp	0
3-AAGAAAAAAAAAAAAA	STREME-3	2.9e-002	chr21:17462316-17463083	9.69	tp	0
3-AAGAAAAAAAAAAAAA	STREME-3	2.9e-002	chrX:43958450-43958864	9.68	fp	0
3-AAGAAAAAAAAAAAAA	STREME-3	2.9e-002	chr1:159646756-159647104	9.68	tp	0
3-AAGAAAAAAAAAAAAA	STREME-3	2.9e-002	chr11:13344042-13344460	9.68	tp	1
3-AAGAAAAAAAAAAAAA	STREME-3	2.9e-002	chr8:85973199-85973710	9.66	fp	0
3-AAGAAAAAAAAAAAAA	STREME-3	2.9e-002	chr6:117346041-117346565	9.66	tp	0
3-AAGAAAAAAAAAAAAA	STREME-3	2.9e-002	chr4:87839375-87839633	9.65	tp	0
3-AAGAAAAAAAAAAAAA	STREME-3	2.9e-002	chr14:44803306-44803607	9.64	tp	0
3-AAGAAAAAAAAAAAAA	STREME-3	2.9e-002	chr8:131804087-131804668	9.64	fp	0
3-AAGAAAAAAAAAAAAA	STREME-3	2.9e-002	chr1:177780129-177780570	9.64	tp	0
3-AAGAAAAAAAAAAAAA	STREME-3	2.9e-002	chr12:89451855-89452315	9.64	fp	0
3-AAGAAAAAAAAAAAAA	STREME-3	2.9e-002	chr11:86218260-86218998	9.64	tp	0
3-AAGAAAAAAAAAAAAA	STREME-3	2.9e-002	chr17:50841761-50842182	9.64	tp	0
3-AAGAAAAAAAAAAAAA	STREME-3	2.9e-002	chr6:137315097-137315390	9.64	tp	0
3-AAGAAAAAAAAAAAAA	STREME-3	2.9e-002	chr16:82027516-82028286	9.63	tp	0
3-AAGAAAAAAAAAAAAA	STREME-3	2.9e-002	chr15:65824170-65824436	9.62	tp	0
3-AAGAAAAAAAAAAAAA	STREME-3	2.9e-002	chr17:1908796-1909047	9.62	tp	0
3-AAGAAAAAAAAAAAAA	STREME-3	2.9e-002	chr20:49562308-49562932	9.62	fp	0
3-AAGAAAAAAAAAAAAA	STREME-3	2.9e-002	chr4:47383887-47384123	9.61	tp	0
3-AAGAAAAAAAAAAAAA	STREME-3	2.9e-002	chr14:44846128-44846527	9.59	tp	0
3-AAGAAAAAAAAAAAAA	STREME-3	2.9e-002	chr12:49121016-49121432	9.59	tp	0
3-AAGAAAAAAAAAAAAA	STREME-3	2.9e-002	chr2:158984623-158985282	9.59	fp	0
3-AAGAAAAAAAAAAAAA	STREME-3	2.9e-002	chrX:68842725-68843464	9.58	fp	0
3-AAGAAAAAAAAAAAAA	STREME-3	2.9e-002	chr2:100260730-100261137	9.57	tp	1
3-AAGAAAAAAAAAAAAA	STREME-3	2.9e-002	chr5:34484283-34484554	9.57	fp	0
3-AAGAAAAAAAAAAAAA	STREME-3	2.9e-002	chr6:70166212-70166693	9.56	tp	0
3-AAGAAAAAAAAAAAAA	STREME-3	2.9e-002	chr2:20201124-20201529	9.56	fp	1
3-AAGAAAAAAAAAAAAA	STREME-3	2.9e-002	chr6:79544914-79545409	9.55	fp	0
3-AAGAAAAAAAAAAAAA	STREME-3	2.9e-002	chr17:42269298-42269760	9.55	tp	0
3-AAGAAAAAAAAAAAAA	STREME-3	2.9e-002	chr9:131418458-131418782	9.54	tp	0
3-AAGAAAAAAAAAAAAA	STREME-3	2.9e-002	chr8:90758373-90758593	9.54	tp	0
3-AAGAAAAAAAAAAAAA	STREME-3	2.9e-002	chr6:150815153-150815467	9.54	tp	0
3-AAGAAAAAAAAAAAAA	STREME-3	2.9e-002	chr12:44015434-44015703	9.54	fp	0
3-AAGAAAAAAAAAAAAA	STREME-3	2.9e-002	chr6:154928392-154928676	9.53	tp	0
3-AAGAAAAAAAAAAAAA	STREME-3	2.9e-002	chr18:13557973-13558563	9.53	fp	0
3-AAGAAAAAAAAAAAAA	STREME-3	2.9e-002	chr20:14055194-14055450	9.52	fp	0
3-AAGAAAAAAAAAAAAA	STREME-3	2.9e-002	chr13:43804538-43804782	9.51	tp	0
3-AAGAAAAAAAAAAAAA	STREME-3	2.9e-002	chr3:125585676-125586061	9.51	tp	0
3-AAGAAAAAAAAAAAAA	STREME-3	2.9e-002	chr1:81414316-81415045	9.51	tp	0
3-AAGAAAAAAAAAAAAA	STREME-3	2.9e-002	chr11:100932553-100932810	9.51	tp	0
3-AAGAAAAAAAAAAAAA	STREME-3	2.9e-002	chr9:92770348-92770841	9.50	fp	0
3-AAGAAAAAAAAAAAAA	STREME-3	2.9e-002	chr9:13110998-13111545	9.50	fp	0
3-AAGAAAAAAAAAAAAA	STREME-3	2.9e-002	chr3:81643373-81644045	9.50	tp	0
3-AAGAAAAAAAAAAAAA	STREME-3	2.9e-002	chr7:80392339-80392561	9.50	fp	0
3-AAGAAAAAAAAAAAAA	STREME-3	2.9e-002	chr10:24518408-24518899	9.49	tp	0
3-AAGAAAAAAAAAAAAA	STREME-3	2.9e-002	chr3:97719051-97719514	9.49	fp	0
3-AAGAAAAAAAAAAAAA	STREME-3	2.9e-002	chr11:13238850-13239401	9.47	tp	0
3-AAGAAAAAAAAAAAAA	STREME-3	2.9e-002	chr6:151699706-151700178	9.47	fp	0
3-AAGAAAAAAAAAAAAA	STREME-3	2.9e-002	chr5:141982626-141982955	9.46	fp	1
3-AAGAAAAAAAAAAAAA	STREME-3	2.9e-002	chr9:109307323-109307923	9.45	tp	0
3-AAGAAAAAAAAAAAAA	STREME-3	2.9e-002	chr12:100554611-100554959	9.43	fp	0
3-AAGAAAAAAAAAAAAA	STREME-3	2.9e-002	chr12:96516473-96517028	9.42	tp	0
3-AAGAAAAAAAAAAAAA	STREME-3	2.9e-002	chr12:110512347-110512732	9.41	fp	0
3-AAGAAAAAAAAAAAAA	STREME-3	2.9e-002	chr15:55648409-55649036	9.40	tp	0
3-AAGAAAAAAAAAAAAA	STREME-3	2.9e-002	chr15:52974177-52974778	9.40	tp	0
3-AAGAAAAAAAAAAAAA	STREME-3	2.9e-002	chr10:24196497-24196803	9.39	fp	0
3-AAGAAAAAAAAAAAAA	STREME-3	2.9e-002	chr6:99119470-99119896	9.39	tp	1
3-AAGAAAAAAAAAAAAA	STREME-3	2.9e-002	chr4:114694865-114695105	9.39	fp	0
3-AAGAAAAAAAAAAAAA	STREME-3	2.9e-002	chr8:81234964-81235717	9.38	fp	0
3-AAGAAAAAAAAAAAAA	STREME-3	2.9e-002	chr3:17645032-17645657	9.38	tp	0
3-AAGAAAAAAAAAAAAA	STREME-3	2.9e-002	chr4:184462765-184463383	9.38	tp	0
3-AAGAAAAAAAAAAAAA	STREME-3	2.9e-002	chr8:13224324-13224919	9.38	fp	0
3-AAGAAAAAAAAAAAAA	STREME-3	2.9e-002	chr2:213251595-213252016	9.37	fp	0
3-AAGAAAAAAAAAAAAA	STREME-3	2.9e-002	chr8:97798580-97799080	9.37	tp	0
3-AAGAAAAAAAAAAAAA	STREME-3	2.9e-002	chr17:42269298-42269760	9.37	fp	0
3-AAGAAAAAAAAAAAAA	STREME-3	2.9e-002	chr10:11515490-11515958	9.36	fp	0
3-AAGAAAAAAAAAAAAA	STREME-3	2.9e-002	chr2:75464658-75465000	9.36	tp	0
3-AAGAAAAAAAAAAAAA	STREME-3	2.9e-002	chr3:98994189-98994497	9.36	tp	0
3-AAGAAAAAAAAAAAAA	STREME-3	2.9e-002	chr5:97162008-97162454	9.35	tp	0
3-AAGAAAAAAAAAAAAA	STREME-3	2.9e-002	chr15:52733072-52733635	9.35	tp	0
3-AAGAAAAAAAAAAAAA	STREME-3	2.9e-002	chr4:138182875-138183310	9.35	tp	0
3-AAGAAAAAAAAAAAAA	STREME-3	2.9e-002	chr6:136669256-136669675	9.33	fp	0
3-AAGAAAAAAAAAAAAA	STREME-3	2.9e-002	chr7:138738602-138739081	9.31	fp	0
3-AAGAAAAAAAAAAAAA	STREME-3	2.9e-002	chr1:212291543-212291814	9.31	fp	0
3-AAGAAAAAAAAAAAAA	STREME-3	2.9e-002	chr2:177239923-177240464	9.30	tp	0
3-AAGAAAAAAAAAAAAA	STREME-3	2.9e-002	chr2:158539162-158539594	9.30	tp	0
3-AAGAAAAAAAAAAAAA	STREME-3	2.9e-002	chr6:111730830-111731182	9.30	tp	0
3-AAGAAAAAAAAAAAAA	STREME-3	2.9e-002	chr7:23020851-23021272	9.29	fp	0
3-AAGAAAAAAAAAAAAA	STREME-3	2.9e-002	chr2:120108080-120108379	9.29	tp	0
3-AAGAAAAAAAAAAAAA	STREME-3	2.9e-002	chr8:97798580-97799080	9.27	fp	0
3-AAGAAAAAAAAAAAAA	STREME-3	2.9e-002	chr12:89162651-89163209	9.27	fp	0
3-AAGAAAAAAAAAAAAA	STREME-3	2.9e-002	chr5:78964946-78965214	9.26	fp	0
3-AAGAAAAAAAAAAAAA	STREME-3	2.9e-002	chr18:57881857-57882327	9.26	fp	0
3-AAGAAAAAAAAAAAAA	STREME-3	2.9e-002	chr12:70645614-70646315	9.26	fp	0
3-AAGAAAAAAAAAAAAA	STREME-3	2.9e-002	chr10:101301508-101301893	9.25	fp	0
3-AAGAAAAAAAAAAAAA	STREME-3	2.9e-002	chr8:121830033-121830341	9.25	tp	1
3-AAGAAAAAAAAAAAAA	STREME-3	2.9e-002	chr4:155371549-155371776	9.25	tp	0
3-AAGAAAAAAAAAAAAA	STREME-3	2.9e-002	chr12:100437217-100437920	9.23	tp	0
3-AAGAAAAAAAAAAAAA	STREME-3	2.9e-002	chr8:121830033-121830341	9.22	fp	0
3-AAGAAAAAAAAAAAAA	STREME-3	2.9e-002	chr1:202952732-202953249	9.22	tp	0
3-AAGAAAAAAAAAAAAA	STREME-3	2.9e-002	chr8:13265774-13266115	9.21	tp	0
3-AAGAAAAAAAAAAAAA	STREME-3	2.9e-002	chr4:119041996-119042283	9.19	tp	0
3-AAGAAAAAAAAAAAAA	STREME-3	2.9e-002	chr12:6070448-6070981	9.19	fp	0
3-AAGAAAAAAAAAAAAA	STREME-3	2.9e-002	chr6:16699077-16699787	9.19	tp	1
3-AAGAAAAAAAAAAAAA	STREME-3	2.9e-002	chr1:85137615-85138175	9.19	tp	0
3-AAGAAAAAAAAAAAAA	STREME-3	2.9e-002	chr13:40428362-40428836	9.19	tp	0
3-AAGAAAAAAAAAAAAA	STREME-3	2.9e-002	chr18:3037362-3037875	9.19	fp	0
3-AAGAAAAAAAAAAAAA	STREME-3	2.9e-002	chr18:28189310-28189717	9.18	fp	0
3-AAGAAAAAAAAAAAAA	STREME-3	2.9e-002	chr20:50818221-50818837	9.18	tp	1
3-AAGAAAAAAAAAAAAA	STREME-3	2.9e-002	chr3:17645032-17645657	9.15	fp	0
3-AAGAAAAAAAAAAAAA	STREME-3	2.9e-002	chr1:146006995-146007604	9.15	fp	0
3-AAGAAAAAAAAAAAAA	STREME-3	2.9e-002	chr3:94004333-94004795	9.14	tp	0
3-AAGAAAAAAAAAAAAA	STREME-3	2.9e-002	chr8:58701769-58702201	9.14	tp	0
3-AAGAAAAAAAAAAAAA	STREME-3	2.9e-002	chr2:162333746-162334267	9.13	fp	1
3-AAGAAAAAAAAAAAAA	STREME-3	2.9e-002	chr1:8561106-8561528	9.13	fp	0
3-AAGAAAAAAAAAAAAA	STREME-3	2.9e-002	chr6:154614323-154615111	9.13	tp	0
3-AAGAAAAAAAAAAAAA	STREME-3	2.9e-002	chr18:45066836-45067238	9.12	fp	0
3-AAGAAAAAAAAAAAAA	STREME-3	2.9e-002	chr11:20647879-20648455	9.12	fp	1
3-AAGAAAAAAAAAAAAA	STREME-3	2.9e-002	chr1:26743979-26744611	9.11	tp	0
3-AAGAAAAAAAAAAAAA	STREME-3	2.9e-002	chr20:9912930-9913199	9.11	fp	0
3-AAGAAAAAAAAAAAAA	STREME-3	2.9e-002	chr15:56052824-56053081	9.11	fp	0
3-AAGAAAAAAAAAAAAA	STREME-3	2.9e-002	chr2:25196458-25196889	9.10	tp	0
3-AAGAAAAAAAAAAAAA	STREME-3	2.9e-002	chr15:83438598-83438981	9.07	fp	0
3-AAGAAAAAAAAAAAAA	STREME-3	2.9e-002	chr11:114139532-114140027	9.06	fp	0
3-AAGAAAAAAAAAAAAA	STREME-3	2.9e-002	chr8:132875410-132876002	9.06	tp	0
3-AAGAAAAAAAAAAAAA	STREME-3	2.9e-002	chr1:161741384-161741788	9.06	fp	0
3-AAGAAAAAAAAAAAAA	STREME-3	2.9e-002	chr20:60137400-60138027	9.06	tp	0
3-AAGAAAAAAAAAAAAA	STREME-3	2.9e-002	chr20:22429225-22429853	9.06	tp	0
3-AAGAAAAAAAAAAAAA	STREME-3	2.9e-002	chr3:148709587-148710128	9.05	fp	0
3-AAGAAAAAAAAAAAAA	STREME-3	2.9e-002	chr5:90439725-90440143	9.05	tp	0
3-AAGAAAAAAAAAAAAA	STREME-3	2.9e-002	chr8:93975079-93975471	9.05	fp	0
3-AAGAAAAAAAAAAAAA	STREME-3	2.9e-002	chr11:126480519-126481199	9.04	fp	0
3-AAGAAAAAAAAAAAAA	STREME-3	2.9e-002	chr11:61129713-61130393	9.04	tp	0
3-AAGAAAAAAAAAAAAA	STREME-3	2.9e-002	chr8:41929508-41929858	9.03	fp	1
3-AAGAAAAAAAAAAAAA	STREME-3	2.9e-002	chr12:121518467-121519128	9.02	fp	0
3-AAGAAAAAAAAAAAAA	STREME-3	2.9e-002	chr8:12795113-12795612	9.02	fp	0
3-AAGAAAAAAAAAAAAA	STREME-3	2.9e-002	chr6:100107395-100107789	9.02	fp	0
3-AAGAAAAAAAAAAAAA	STREME-3	2.9e-002	chr2:85827309-85827873	9.01	tp	0
3-AAGAAAAAAAAAAAAA	STREME-3	2.9e-002	chr9:38642032-38642429	9.00	tp	1
3-AAGAAAAAAAAAAAAA	STREME-3	2.9e-002	chr17:59845590-59846106	9.00	tp	0
3-AAGAAAAAAAAAAAAA	STREME-3	2.9e-002	chr2:221322628-221323056	9.00	tp	0
3-AAGAAAAAAAAAAAAA	STREME-3	2.9e-002	chr9:91210268-91210699	9.00	tp	0
3-AAGAAAAAAAAAAAAA	STREME-3	2.9e-002	chr5:81353095-81353582	8.99	tp	0
3-AAGAAAAAAAAAAAAA	STREME-3	2.9e-002	chr6:1336283-1336576	8.99	tp	0
3-AAGAAAAAAAAAAAAA	STREME-3	2.9e-002	chr2:235505238-235505802	8.99	fp	1
3-AAGAAAAAAAAAAAAA	STREME-3	2.9e-002	chr11:30917758-30918157	8.98	tp	0
3-AAGAAAAAAAAAAAAA	STREME-3	2.9e-002	chr12:69070372-69070656	8.97	fp	0
3-AAGAAAAAAAAAAAAA	STREME-3	2.9e-002	chr3:141105866-141106208	8.97	tp	1
3-AAGAAAAAAAAAAAAA	STREME-3	2.9e-002	chr2:171574083-171574642	8.96	fp	0
3-AAGAAAAAAAAAAAAA	STREME-3	2.9e-002	chr9:68530610-68531153	8.96	tp	0
3-AAGAAAAAAAAAAAAA	STREME-3	2.9e-002	chr11:19311311-19311808	8.96	fp	0
3-AAGAAAAAAAAAAAAA	STREME-3	2.9e-002	chr11:33857915-33858260	8.96	tp	1
3-AAGAAAAAAAAAAAAA	STREME-3	2.9e-002	chr6:56902756-56903218	8.95	tp	0
3-AAGAAAAAAAAAAAAA	STREME-3	2.9e-002	chr7:23020851-23021272	8.94	tp	0
3-AAGAAAAAAAAAAAAA	STREME-3	2.9e-002	chr8:125163343-125163830	8.94	tp	0
3-AAGAAAAAAAAAAAAA	STREME-3	2.9e-002	chr6:90393214-90393797	8.94	fp	1
3-AAGAAAAAAAAAAAAA	STREME-3	2.9e-002	chr14:44846128-44846527	8.93	fp	0
3-AAGAAAAAAAAAAAAA	STREME-3	2.9e-002	chr11:63023835-63024392	8.93	tp	0
3-AAGAAAAAAAAAAAAA	STREME-3	2.9e-002	chr6:39251531-39251880	8.92	tp	0
3-AAGAAAAAAAAAAAAA	STREME-3	2.9e-002	chr8:118029564-118030247	8.92	fp	0
3-AAGAAAAAAAAAAAAA	STREME-3	2.9e-002	chr20:17605110-17605949	8.91	fp	0
3-AAGAAAAAAAAAAAAA	STREME-3	2.9e-002	chr6:109187756-109188604	8.91	tp	0
3-AAGAAAAAAAAAAAAA	STREME-3	2.9e-002	chr20:14055194-14055450	8.90	tp	0
3-AAGAAAAAAAAAAAAA	STREME-3	2.9e-002	chr4:89024104-89024663	8.89	fp	0
3-AAGAAAAAAAAAAAAA	STREME-3	2.9e-002	chr12:95802646-95803219	8.89	fp	0
3-AAGAAAAAAAAAAAAA	STREME-3	2.9e-002	chr3:105518707-105519161	8.89	tp	0
3-AAGAAAAAAAAAAAAA	STREME-3	2.9e-002	chr1:111704291-111704572	8.89	fp	1
3-AAGAAAAAAAAAAAAA	STREME-3	2.9e-002	chr8:36773665-36773941	8.88	fp	0
3-AAGAAAAAAAAAAAAA	STREME-3	2.9e-002	chr4:139229527-139229773	8.87	fp	0
3-AAGAAAAAAAAAAAAA	STREME-3	2.9e-002	chr2:160294351-160294884	8.87	fp	0
3-AAGAAAAAAAAAAAAA	STREME-3	2.9e-002	chr9:91302808-91303223	8.87	tp	0
3-AAGAAAAAAAAAAAAA	STREME-3	2.9e-002	chr2:179129725-179129978	8.86	fp	0
3-AAGAAAAAAAAAAAAA	STREME-3	2.9e-002	chr12:69154399-69154901	8.86	tp	0
3-AAGAAAAAAAAAAAAA	STREME-3	2.9e-002	chr1:184075464-184075749	8.85	tp	0
3-AAGAAAAAAAAAAAAA	STREME-3	2.9e-002	chr8:140588745-140589170	8.84	tp	0
3-AAGAAAAAAAAAAAAA	STREME-3	2.9e-002	chr3:53938725-53938947	8.84	tp	0
3-AAGAAAAAAAAAAAAA	STREME-3	2.9e-002	chr14:67943933-67944188	8.84	tp	0
3-AAGAAAAAAAAAAAAA	STREME-3	2.9e-002	chr4:174222311-174222762	8.83	tp	0
3-AAGAAAAAAAAAAAAA	STREME-3	2.9e-002	chr18:26383648-26384019	8.83	tp	0
3-AAGAAAAAAAAAAAAA	STREME-3	2.9e-002	chr1:91817518-91817919	8.82	tp	0
3-AAGAAAAAAAAAAAAA	STREME-3	2.9e-002	chr14:34324419-34324831	8.82	tp	1
3-AAGAAAAAAAAAAAAA	STREME-3	2.9e-002	chr20:6178592-6178866	8.82	tp	0
3-AAGAAAAAAAAAAAAA	STREME-3	2.9e-002	chr1:186985787-186986254	8.81	tp	1
3-AAGAAAAAAAAAAAAA	STREME-3	2.9e-002	chr5:124655980-124656351	8.81	fp	1
3-AAGAAAAAAAAAAAAA	STREME-3	2.9e-002	chr2:21118377-21118862	8.81	tp	0
3-AAGAAAAAAAAAAAAA	STREME-3	2.9e-002	chr12:113980569-113980865	8.80	tp	0
3-AAGAAAAAAAAAAAAA	STREME-3	2.9e-002	chr20:6828708-6829295	8.80	tp	0
3-AAGAAAAAAAAAAAAA	STREME-3	2.9e-002	chr3:115692595-115693251	8.79	fp	0
3-AAGAAAAAAAAAAAAA	STREME-3	2.9e-002	chr5:136249746-136250061	8.79	fp	1
3-AAGAAAAAAAAAAAAA	STREME-3	2.9e-002	chr8:12866913-12867152	8.79	fp	0
3-AAGAAAAAAAAAAAAA	STREME-3	2.9e-002	chr11:111795529-111795987	8.79	tp	0
3-AAGAAAAAAAAAAAAA	STREME-3	2.9e-002	chr18:56984771-56985199	8.78	tp	0
3-AAGAAAAAAAAAAAAA	STREME-3	2.9e-002	chr13:23488481-23488873	8.78	fp	0
3-AAGAAAAAAAAAAAAA	STREME-3	2.9e-002	chr2:171415838-171416394	8.78	fp	0
3-AAGAAAAAAAAAAAAA	STREME-3	2.9e-002	chr6:150668442-150668918	8.77	fp	0
3-AAGAAAAAAAAAAAAA	STREME-3	2.9e-002	chr7:95686173-95686449	8.77	fp	0
3-AAGAAAAAAAAAAAAA	STREME-3	2.9e-002	chr8:85973199-85973710	8.77	tp	0
3-AAGAAAAAAAAAAAAA	STREME-3	2.9e-002	chr3:188431545-188432100	8.77	fp	0
3-AAGAAAAAAAAAAAAA	STREME-3	2.9e-002	chr7:96415379-96415970	8.77	fp	1
3-AAGAAAAAAAAAAAAA	STREME-3	2.9e-002	chr10:27230070-27230362	8.77	tp	0
3-AAGAAAAAAAAAAAAA	STREME-3	2.9e-002	chr5:53095917-53096272	8.77	tp	0
3-AAGAAAAAAAAAAAAA	STREME-3	2.9e-002	chr1:17559758-17560152	8.77	fp	0
3-AAGAAAAAAAAAAAAA	STREME-3	2.9e-002	chr2:128063467-128063931	8.76	tp	0
3-AAGAAAAAAAAAAAAA	STREME-3	2.9e-002	chr6:155327381-155327977	8.75	fp	0
3-AAGAAAAAAAAAAAAA	STREME-3	2.9e-002	chr5:52814788-52815106	8.75	tp	0
3-AAGAAAAAAAAAAAAA	STREME-3	2.9e-002	chr5:124906495-124907361	8.75	fp	0
3-AAGAAAAAAAAAAAAA	STREME-3	2.9e-002	chr9:17005114-17005436	8.74	tp	0
3-AAGAAAAAAAAAAAAA	STREME-3	2.9e-002	chr2:128063467-128063931	8.74	fp	0
3-AAGAAAAAAAAAAAAA	STREME-3	2.9e-002	chr17:58391314-58391951	8.73	fp	1
3-AAGAAAAAAAAAAAAA	STREME-3	2.9e-002	chr1:89987214-89987747	8.73	fp	0
3-AAGAAAAAAAAAAAAA	STREME-3	2.9e-002	chr8:81234964-81235717	8.73	tp	0
3-AAGAAAAAAAAAAAAA	STREME-3	2.9e-002	chr17:60435817-60436255	8.73	fp	0
3-AAGAAAAAAAAAAAAA	STREME-3	2.9e-002	chr18:28116464-28116840	8.72	tp	0
3-AAGAAAAAAAAAAAAA	STREME-3	2.9e-002	chr6:51959650-51960107	8.71	tp	0
3-AAGAAAAAAAAAAAAA	STREME-3	2.9e-002	chr17:74493237-74493646	8.71	tp	0
3-AAGAAAAAAAAAAAAA	STREME-3	2.9e-002	chr15:98850944-98851245	8.70	fp	0
3-AAGAAAAAAAAAAAAA	STREME-3	2.9e-002	chr13:75687253-75687478	8.70	tp	0
3-AAGAAAAAAAAAAAAA	STREME-3	2.9e-002	chr13:42110560-42111050	8.69	fp	0
3-AAGAAAAAAAAAAAAA	STREME-3	2.9e-002	chr7:21254129-21254368	8.69	fp	0
3-AAGAAAAAAAAAAAAA	STREME-3	2.9e-002	chr9:123738654-123739055	8.69	fp	0
3-AAGAAAAAAAAAAAAA	STREME-3	2.9e-002	chr12:71415682-71416082	8.68	fp	0
3-AAGAAAAAAAAAAAAA	STREME-3	2.9e-002	chr10:24642931-24643785	8.68	fp	0
3-AAGAAAAAAAAAAAAA	STREME-3	2.9e-002	chr12:110575349-110575666	8.68	fp	0
3-AAGAAAAAAAAAAAAA	STREME-3	2.9e-002	chr14:37246384-37246769	8.67	fp	0
3-AAGAAAAAAAAAAAAA	STREME-3	2.9e-002	chr5:140351767-140352032	8.67	tp	0
3-AAGAAAAAAAAAAAAA	STREME-3	2.9e-002	chr7:12712301-12712586	8.67	tp	0
3-AAGAAAAAAAAAAAAA	STREME-3	2.9e-002	chr13:79541278-79541764	8.67	tp	0
3-AAGAAAAAAAAAAAAA	STREME-3	2.9e-002	chr14:63499718-63500143	8.66	tp	0
3-AAGAAAAAAAAAAAAA	STREME-3	2.9e-002	chr6:145829111-145829455	8.66	fp	0
3-AAGAAAAAAAAAAAAA	STREME-3	2.9e-002	chr13:95403812-95404774	8.65	fp	0
3-AAGAAAAAAAAAAAAA	STREME-3	2.9e-002	chr3:124351603-124352066	8.64	fp	0
3-AAGAAAAAAAAAAAAA	STREME-3	2.9e-002	chr2:72973642-72974032	8.63	tp	0
3-AAGAAAAAAAAAAAAA	STREME-3	2.9e-002	chr2:36663974-36664566	8.63	tp	0
3-AAGAAAAAAAAAAAAA	STREME-3	2.9e-002	chr14:60686998-60687236	8.62	tp	0
3-AAGAAAAAAAAAAAAA	STREME-3	2.9e-002	chr15:38683518-38683952	8.61	tp	1
3-AAGAAAAAAAAAAAAA	STREME-3	2.9e-002	chr2:74587592-74588146	8.60	fp	0
3-AAGAAAAAAAAAAAAA	STREME-3	2.9e-002	chr6:161393859-161394430	8.60	fp	0
3-AAGAAAAAAAAAAAAA	STREME-3	2.9e-002	chr2:169452157-169452384	8.60	tp	0
3-AAGAAAAAAAAAAAAA	STREME-3	2.9e-002	chr1:113056960-113057350	8.58	tp	0
3-AAGAAAAAAAAAAAAA	STREME-3	2.9e-002	chr10:102583793-102584369	8.58	tp	0
3-AAGAAAAAAAAAAAAA	STREME-3	2.9e-002	chr12:71415682-71416082	8.58	tp	1
3-AAGAAAAAAAAAAAAA	STREME-3	2.9e-002	chrX:134026493-134027018	8.57	tp	0
3-AAGAAAAAAAAAAAAA	STREME-3	2.9e-002	chr6:56902756-56903218	8.57	fp	0
3-AAGAAAAAAAAAAAAA	STREME-3	2.9e-002	chr6:142867907-142868586	8.57	tp	0
3-AAGAAAAAAAAAAAAA	STREME-3	2.9e-002	chr1:159705587-159706265	8.56	tp	0
3-AAGAAAAAAAAAAAAA	STREME-3	2.9e-002	chr6:117346041-117346565	8.56	fp	0
3-AAGAAAAAAAAAAAAA	STREME-3	2.9e-002	chrX:78555451-78555700	8.56	tp	0
3-AAGAAAAAAAAAAAAA	STREME-3	2.9e-002	chr17:69523296-69523604	8.56	tp	0
3-AAGAAAAAAAAAAAAA	STREME-3	2.9e-002	chr3:24680373-24680836	8.55	tp	0
3-AAGAAAAAAAAAAAAA	STREME-3	2.9e-002	chr18:3037362-3037875	8.54	tp	0
3-AAGAAAAAAAAAAAAA	STREME-3	2.9e-002	chr5:129852773-129853230	8.54	tp	0
3-AAGAAAAAAAAAAAAA	STREME-3	2.9e-002	chr7:144027062-144027409	8.54	tp	0
3-AAGAAAAAAAAAAAAA	STREME-3	2.9e-002	chr3:181700497-181700950	8.54	tp	0
3-AAGAAAAAAAAAAAAA	STREME-3	2.9e-002	chr10:110137096-110137562	8.53	tp	0
3-AAGAAAAAAAAAAAAA	STREME-3	2.9e-002	chr3:192467194-192467589	8.53	tp	0
3-AAGAAAAAAAAAAAAA	STREME-3	2.9e-002	chr10:102352178-102352631	8.52	tp	0
3-AAGAAAAAAAAAAAAA	STREME-3	2.9e-002	chr6:36666958-36667485	8.50	tp	0
3-AAGAAAAAAAAAAAAA	STREME-3	2.9e-002	chrX:139559521-139559955	8.50	tp	0
3-AAGAAAAAAAAAAAAA	STREME-3	2.9e-002	chr13:46831657-46831966	8.50	fp	0
3-AAGAAAAAAAAAAAAA	STREME-3	2.9e-002	chr1:8097399-8097738	8.50	tp	0
3-AAGAAAAAAAAAAAAA	STREME-3	2.9e-002	chr6:133973462-133973717	8.50	fp	1
3-AAGAAAAAAAAAAAAA	STREME-3	2.9e-002	chr6:13761001-13761349	8.49	fp	0
3-AAGAAAAAAAAAAAAA	STREME-3	2.9e-002	chr2:158010317-158010606	8.49	tp	0
3-AAGAAAAAAAAAAAAA	STREME-3	2.9e-002	chr6:156889512-156889858	8.48	tp	0
3-AAGAAAAAAAAAAAAA	STREME-3	2.9e-002	chr9:2727863-2728491	8.48	tp	1
3-AAGAAAAAAAAAAAAA	STREME-3	2.9e-002	chr1:28248533-28248757	8.47	tp	0
3-AAGAAAAAAAAAAAAA	STREME-3	2.9e-002	chr3:188060999-188061602	8.47	tp	0
3-AAGAAAAAAAAAAAAA	STREME-3	2.9e-002	chr4:14866590-14867188	8.47	fp	0
3-AAGAAAAAAAAAAAAA	STREME-3	2.9e-002	chr3:66938395-66938706	8.47	tp	0
3-AAGAAAAAAAAAAAAA	STREME-3	2.9e-002	chr9:75950942-75951509	8.47	tp	0
3-AAGAAAAAAAAAAAAA	STREME-3	2.9e-002	chr17:69523296-69523604	8.47	fp	0
3-AAGAAAAAAAAAAAAA	STREME-3	2.9e-002	chr10:102627464-102628330	8.46	tp	0
3-AAGAAAAAAAAAAAAA	STREME-3	2.9e-002	chr8:38714355-38714784	8.46	fp	0
3-AAGAAAAAAAAAAAAA	STREME-3	2.9e-002	chr6:106787193-106788325	8.46	tp	0
3-AAGAAAAAAAAAAAAA	STREME-3	2.9e-002	chr2:200797195-200797877	8.46	tp	0
3-AAGAAAAAAAAAAAAA	STREME-3	2.9e-002	chr10:58177449-58177679	8.45	fp	0
3-AAGAAAAAAAAAAAAA	STREME-3	2.9e-002	chr2:75465656-75465887	8.45	tp	0
3-AAGAAAAAAAAAAAAA	STREME-3	2.9e-002	chr5:90909010-90909737	8.44	tp	0
3-AAGAAAAAAAAAAAAA	STREME-3	2.9e-002	chr12:46390348-46390554	8.43	tp	0
3-AAGAAAAAAAAAAAAA	STREME-3	2.9e-002	chr3:19885483-19885832	8.43	fp	0
3-AAGAAAAAAAAAAAAA	STREME-3	2.9e-002	chr4:73375200-73375768	8.43	fp	1
3-AAGAAAAAAAAAAAAA	STREME-3	2.9e-002	chr8:54169385-54169794	8.43	tp	0
3-AAGAAAAAAAAAAAAA	STREME-3	2.9e-002	chr1:172719573-172720015	8.43	fp	0
3-AAGAAAAAAAAAAAAA	STREME-3	2.9e-002	chr3:13011557-13011972	8.43	tp	0
3-AAGAAAAAAAAAAAAA	STREME-3	2.9e-002	chr17:62968523-62968772	8.42	tp	0
3-AAGAAAAAAAAAAAAA	STREME-3	2.9e-002	chr7:96416599-96416884	8.41	fp	0
3-AAGAAAAAAAAAAAAA	STREME-3	2.9e-002	chr14:50060956-50061364	8.41	fp	0
3-AAGAAAAAAAAAAAAA	STREME-3	2.9e-002	chr19:32224456-32224921	8.41	tp	0
3-AAGAAAAAAAAAAAAA	STREME-3	2.9e-002	chr6:14066843-14067151	8.41	tp	0
3-AAGAAAAAAAAAAAAA	STREME-3	2.9e-002	chr21:36939402-36939797	8.41	fp	0
3-AAGAAAAAAAAAAAAA	STREME-3	2.9e-002	chr5:143562938-143563493	8.41	tp	0
3-AAGAAAAAAAAAAAAA	STREME-3	2.9e-002	chr1:246450859-246451138	8.41	tp	0
3-AAGAAAAAAAAAAAAA	STREME-3	2.9e-002	chr7:122528988-122529193	8.40	fp	0
3-AAGAAAAAAAAAAAAA	STREME-3	2.9e-002	chr6:133923883-133924456	8.39	tp	0
3-AAGAAAAAAAAAAAAA	STREME-3	2.9e-002	chr5:111550595-111551067	8.38	fp	0
3-AAGAAAAAAAAAAAAA	STREME-3	2.9e-002	chr6:75297127-75297538	8.38	tp	1
3-AAGAAAAAAAAAAAAA	STREME-3	2.9e-002	chr8:60929246-60929645	8.38	tp	1
3-AAGAAAAAAAAAAAAA	STREME-3	2.9e-002	chr7:24401925-24402658	8.37	tp	1
3-AAGAAAAAAAAAAAAA	STREME-3	2.9e-002	chr6:100107395-100107789	8.37	tp	1
3-AAGAAAAAAAAAAAAA	STREME-3	2.9e-002	chr1:32716520-32717119	8.37	fp	0
3-AAGAAAAAAAAAAAAA	STREME-3	2.9e-002	chr1:151311569-151312015	8.37	tp	0
3-AAGAAAAAAAAAAAAA	STREME-3	2.9e-002	chr1:46527900-46528359	8.37	tp	0
3-AAGAAAAAAAAAAAAA	STREME-3	2.9e-002	chr14:89458488-89459345	8.36	tp	0
3-AAGAAAAAAAAAAAAA	STREME-3	2.9e-002	chr11:22875774-22876287	8.36	fp	0
3-AAGAAAAAAAAAAAAA	STREME-3	2.9e-002	chr7:82017390-82017652	8.36	tp	0
3-AAGAAAAAAAAAAAAA	STREME-3	2.9e-002	chr11:13344042-13344460	8.36	fp	0
3-AAGAAAAAAAAAAAAA	STREME-3	2.9e-002	chr6:3887103-3887858	8.35	tp	0
3-AAGAAAAAAAAAAAAA	STREME-3	2.9e-002	chr12:102425104-102425919	8.35	tp	0
3-AAGAAAAAAAAAAAAA	STREME-3	2.9e-002	chr13:23488481-23488873	8.35	tp	0
3-AAGAAAAAAAAAAAAA	STREME-3	2.9e-002	chr3:5057845-5058156	8.34	tp	0
3-AAGAAAAAAAAAAAAA	STREME-3	2.9e-002	chr3:69330752-69331384	8.34	fp	0
3-AAGAAAAAAAAAAAAA	STREME-3	2.9e-002	chr3:16048531-16049052	8.33	tp	0
3-AAGAAAAAAAAAAAAA	STREME-3	2.9e-002	chr5:111726980-111727321	8.33	tp	0
3-AAGAAAAAAAAAAAAA	STREME-3	2.9e-002	chr17:58381222-58381631	8.33	tp	1
3-AAGAAAAAAAAAAAAA	STREME-3	2.9e-002	chr12:121518467-121519128	8.32	tp	0
3-AAGAAAAAAAAAAAAA	STREME-3	2.9e-002	chr3:62201482-62201736	8.32	tp	0
3-AAGAAAAAAAAAAAAA	STREME-3	2.9e-002	chr2:217510804-217511209	8.32	fp	0
3-AAGAAAAAAAAAAAAA	STREME-3	2.9e-002	chr8:41929508-41929858	8.31	tp	0
3-AAGAAAAAAAAAAAAA	STREME-3	2.9e-002	chr2:197378456-197379023	8.31	tp	0
3-AAGAAAAAAAAAAAAA	STREME-3	2.9e-002	chr3:137105319-137105590	8.31	tp	0
3-AAGAAAAAAAAAAAAA	STREME-3	2.9e-002	chr6:83215194-83215756	8.31	tp	0
3-AAGAAAAAAAAAAAAA	STREME-3	2.9e-002	chr4:123102966-123103433	8.30	tp	0
3-AAGAAAAAAAAAAAAA	STREME-3	2.9e-002	chr6:142871901-142872359	8.30	tp	0
3-AAGAAAAAAAAAAAAA	STREME-3	2.9e-002	chrX:80578580-80578822	8.29	tp	0
#
4-AGAGGAAGGAR	STREME-4	3.2e-002	chr3:150251041-150251830	17.12	tp	0
4-AGAGGAAGGAR	STREME-4	3.2e-002	chr4:48033878-48034216	17.12	tp	0
4-AGAGGAAGGAR	STREME-4	3.2e-002	chr9:131669947-131670603	17.12	tp	0
4-AGAGGAAGGAR	STREME-4	3.2e-002	chr11:12802517-12803112	17.12	fp	0
4-AGAGGAAGGAR	STREME-4	3.2e-002	chr18:59057156-59057535	17.12	tp	1
4-AGAGGAAGGAR	STREME-4	3.2e-002	chr12:89451855-89452315	16.31	tp	0
4-AGAGGAAGGAR	STREME-4	3.2e-002	chr9:27333210-27333671	16.31	tp	0
4-AGAGGAAGGAR	STREME-4	3.2e-002	chr7:88322095-88322541	16.31	tp	0
4-AGAGGAAGGAR	STREME-4	3.2e-002	chr2:216516836-216517070	16.31	tp	0
4-AGAGGAAGGAR	STREME-4	3.2e-002	chr1:48696999-48697441	16.31	tp	0
4-AGAGGAAGGAR	STREME-4	3.2e-002	chr9:129167017-129167467	16.31	tp	0
4-AGAGGAAGGAR	STREME-4	3.2e-002	chr18:62796220-62796823	16.31	tp	0
4-AGAGGAAGGAR	STREME-4	3.2e-002	chr10:116787810-116788369	16.31	tp	0
4-AGAGGAAGGAR	STREME-4	3.2e-002	chr17:64706898-64707514	15.89	tp	0
4-AGAGGAAGGAR	STREME-4	3.2e-002	chr11:114280644-114281086	15.89	fp	0
4-AGAGGAAGGAR	STREME-4	3.2e-002	chr8:32574809-32575653	15.87	tp	0
4-AGAGGAAGGAR	STREME-4	3.2e-002	chr7:25259610-25260027	15.52	tp	0
4-AGAGGAAGGAR	STREME-4	3.2e-002	chr18:76398747-76399239	15.52	tp	0
4-AGAGGAAGGAR	STREME-4	3.2e-002	chr14:94689529-94689978	15.52	fp	0
4-AGAGGAAGGAR	STREME-4	3.2e-002	chr3:139329228-139329737	15.52	fp	0
4-AGAGGAAGGAR	STREME-4	3.2e-002	chr11:10933785-10934282	15.52	tp	1
4-AGAGGAAGGAR	STREME-4	3.2e-002	chr8:117946350-117947201	15.30	tp	0
4-AGAGGAAGGAR	STREME-4	3.2e-002	chr14:25132592-25133161	15.12	tp	0
4-AGAGGAAGGAR	STREME-4	3.2e-002	chr2:231601712-231601922	14.98	fp	0
4-AGAGGAAGGAR	STREME-4	3.2e-002	chrX:68842725-68843464	14.42	tp	0
4-AGAGGAAGGAR	STREME-4	3.2e-002	chr9:110220641-110221210	14.42	fp	0
4-AGAGGAAGGAR	STREME-4	3.2e-002	chr2:16508141-16508542	14.37	tp	0
4-AGAGGAAGGAR	STREME-4	3.2e-002	chr1:209692746-209693296	14.37	fp	0
4-AGAGGAAGGAR	STREME-4	3.2e-002	chr2:177322504-177323328	14.27	tp	0
4-AGAGGAAGGAR	STREME-4	3.2e-002	chr18:23401431-23401897	14.27	tp	0
4-AGAGGAAGGAR	STREME-4	3.2e-002	chr1:207822640-207823182	14.27	fp	0
4-AGAGGAAGGAR	STREME-4	3.2e-002	chr7:92645334-92646016	14.24	tp	0
4-AGAGGAAGGAR	STREME-4	3.2e-002	chr7:92645334-92646016	14.12	fp	0
4-AGAGGAAGGAR	STREME-4	3.2e-002	chr5:43389593-43390127	14.00	tp	0
4-AGAGGAAGGAR	STREME-4	3.2e-002	chr12:48890685-48891023	14.00	tp	1
4-AGAGGAAGGAR	STREME-4	3.2e-002	chr12:27940816-27941104	14.00	fp	1
4-AGAGGAAGGAR	STREME-4	3.2e-002	chr1:110460298-110460763	13.86	fp	0
4-AGAGGAAGGAR	STREME-4	3.2e-002	chr10:87850779-87851265	13.56	tp	0
4-AGAGGAAGGAR	STREME-4	3.2e-002	chr1:167447345-167448247	13.56	tp	0
4-AGAGGAAGGAR	STREME-4	3.2e-002	chr17:18033494-18033814	13.51	tp	1
4-AGAGGAAGGAR	STREME-4	3.2e-002	chr8:125278220-125278632	13.51	tp	0
4-AGAGGAAGGAR	STREME-4	3.2e-002	chr1:147642062-147642305	13.50	tp	0
4-AGAGGAAGGAR	STREME-4	3.2e-002	chr11:126607331-126607597	13.50	tp	0
4-AGAGGAAGGAR	STREME-4	3.2e-002	chr12:98500801-98501270	13.50	tp	1
4-AGAGGAAGGAR	STREME-4	3.2e-002	chr16:48687464-48687774	13.45	fp	0
4-AGAGGAAGGAR	STREME-4	3.2e-002	chr5:90439725-90440143	13.44	fp	1
4-AGAGGAAGGAR	STREME-4	3.2e-002	chr6:118746098-118746437	13.24	tp	0
4-AGAGGAAGGAR	STREME-4	3.2e-002	chr5:124605355-124605881	13.15	tp	0
4-AGAGGAAGGAR	STREME-4	3.2e-002	chr20:10540624-10541078	13.14	tp	0
4-AGAGGAAGGAR	STREME-4	3.2e-002	chr1:185595968-185596395	13.14	tp	0
4-AGAGGAAGGAR	STREME-4	3.2e-002	chr8:93975079-93975471	13.14	tp	0
4-AGAGGAAGGAR	STREME-4	3.2e-002	chr7:5704376-5704797	13.14	tp	0
4-AGAGGAAGGAR	STREME-4	3.2e-002	chr12:5442295-5442696	13.12	tp	0
4-AGAGGAAGGAR	STREME-4	3.2e-002	chr16:53549894-53550415	13.03	tp	0
4-AGAGGAAGGAR	STREME-4	3.2e-002	chr10:110852182-110852747	13.03	tp	0
4-AGAGGAAGGAR	STREME-4	3.2e-002	chr15:63497617-63498112	13.01	tp	0
4-AGAGGAAGGAR	STREME-4	3.2e-002	chr8:12840637-12841109	12.96	tp	0
4-AGAGGAAGGAR	STREME-4	3.2e-002	chr8:133217791-133218234	12.96	tp	0
4-AGAGGAAGGAR	STREME-4	3.2e-002	chr5:142611093-142611423	12.96	fp	0
4-AGAGGAAGGAR	STREME-4	3.2e-002	chr1:110202977-110203412	12.96	tp	1
4-AGAGGAAGGAR	STREME-4	3.2e-002	chr12:54216984-54217302	12.92	tp	0
4-AGAGGAAGGAR	STREME-4	3.2e-002	chr9:22158845-22159508	12.92	tp	0
4-AGAGGAAGGAR	STREME-4	3.2e-002	chr1:171984948-171985190	12.92	fp	0
4-AGAGGAAGGAR	STREME-4	3.2e-002	chr9:136619624-136620253	12.81	tp	0
4-AGAGGAAGGAR	STREME-4	3.2e-002	chr11:62905982-62906289	12.69	tp	0
4-AGAGGAAGGAR	STREME-4	3.2e-002	chr9:128043411-128043833	12.66	tp	0
4-AGAGGAAGGAR	STREME-4	3.2e-002	chr9:87662882-87663187	12.66	tp	1
4-AGAGGAAGGAR	STREME-4	3.2e-002	chr7:15720899-15721199	12.63	tp	0
4-AGAGGAAGGAR	STREME-4	3.2e-002	chr11:6251174-6251441	12.63	fp	0
4-AGAGGAAGGAR	STREME-4	3.2e-002	chr11:119764429-119765072	12.62	fp	0
4-AGAGGAAGGAR	STREME-4	3.2e-002	chr15:90320015-90320450	12.59	tp	0
4-AGAGGAAGGAR	STREME-4	3.2e-002	chr10:12389359-12389822	12.59	fp	0
4-AGAGGAAGGAR	STREME-4	3.2e-002	chr8:85297314-85297724	12.55	tp	0
4-AGAGGAAGGAR	STREME-4	3.2e-002	chr6:119307994-119308539	12.55	tp	0
4-AGAGGAAGGAR	STREME-4	3.2e-002	chr6:34986730-34987101	12.44	tp	0
4-AGAGGAAGGAR	STREME-4	3.2e-002	chr3:30748072-30748294	12.44	tp	1
4-AGAGGAAGGAR	STREME-4	3.2e-002	chr4:138910641-138911661	12.39	tp	0
4-AGAGGAAGGAR	STREME-4	3.2e-002	chr10:33193409-33193720	12.39	fp	0
4-AGAGGAAGGAR	STREME-4	3.2e-002	chr8:40172836-40173169	12.34	tp	0
4-AGAGGAAGGAR	STREME-4	3.2e-002	chr10:129971693-129971989	12.30	tp	0
4-AGAGGAAGGAR	STREME-4	3.2e-002	chr16:49350479-49350816	12.30	tp	0
4-AGAGGAAGGAR	STREME-4	3.2e-002	chr9:129776929-129777669	12.30	tp	0
4-AGAGGAAGGAR	STREME-4	3.2e-002	chrX:17046406-17046837	12.29	tp	0
4-AGAGGAAGGAR	STREME-4	3.2e-002	chr16:81469892-81470380	12.28	tp	0
4-AGAGGAAGGAR	STREME-4	3.2e-002	chr2:101328100-101329021	12.28	tp	0
4-AGAGGAAGGAR	STREME-4	3.2e-002	chr5:136212136-136212674	12.23	tp	0
4-AGAGGAAGGAR	STREME-4	3.2e-002	chr12:42372061-42372512	12.21	tp	0
4-AGAGGAAGGAR	STREME-4	3.2e-002	chr7:86926691-86926970	12.21	tp	0
4-AGAGGAAGGAR	STREME-4	3.2e-002	chr17:2848727-2849145	12.21	fp	0
4-AGAGGAAGGAR	STREME-4	3.2e-002	chr12:44931012-44931309	12.21	fp	0
4-AGAGGAAGGAR	STREME-4	3.2e-002	chr13:109606430-109607015	12.12	tp	0
4-AGAGGAAGGAR	STREME-4	3.2e-002	chr14:65222405-65222784	12.11	fp	0
4-AGAGGAAGGAR	STREME-4	3.2e-002	chr20:10540624-10541078	12.11	fp	0
4-AGAGGAAGGAR	STREME-4	3.2e-002	chr18:47749118-47749663	12.11	tp	0
4-AGAGGAAGGAR	STREME-4	3.2e-002	chr18:31982937-31983597	12.09	tp	0
4-AGAGGAAGGAR	STREME-4	3.2e-002	chr11:35932607-35933334	12.05	tp	0
4-AGAGGAAGGAR	STREME-4	3.2e-002	chr6:156719589-156720519	12.05	tp	0
4-AGAGGAAGGAR	STREME-4	3.2e-002	chr7:30412935-30413690	12.03	tp	0
4-AGAGGAAGGAR	STREME-4	3.2e-002	chr6:144335931-144336243	11.90	tp	0
4-AGAGGAAGGAR	STREME-4	3.2e-002	chr20:47576609-47577067	11.90	tp	0
4-AGAGGAAGGAR	STREME-4	3.2e-002	chr3:66372718-66372993	11.87	tp	0
4-AGAGGAAGGAR	STREME-4	3.2e-002	chr2:30208445-30208883	11.87	fp	0
4-AGAGGAAGGAR	STREME-4	3.2e-002	chr9:21326603-21327002	11.85	tp	0
4-AGAGGAAGGAR	STREME-4	3.2e-002	chr10:33193409-33193720	11.84	tp	1
4-AGAGGAAGGAR	STREME-4	3.2e-002	chr3:58568632-58569067	11.82	tp	0
4-AGAGGAAGGAR	STREME-4	3.2e-002	chr1:32716520-32717119	11.79	tp	0
4-AGAGGAAGGAR	STREME-4	3.2e-002	chr10:112364968-112365461	11.73	tp	0
4-AGAGGAAGGAR	STREME-4	3.2e-002	chr12:124381653-124382368	11.73	tp	0
4-AGAGGAAGGAR	STREME-4	3.2e-002	chr10:74018209-74018711	11.73	fp	0
4-AGAGGAAGGAR	STREME-4	3.2e-002	chr11:63023835-63024392	11.73	fp	0
4-AGAGGAAGGAR	STREME-4	3.2e-002	chr17:58587705-58587976	11.68	fp	0
4-AGAGGAAGGAR	STREME-4	3.2e-002	chr8:9324468-9325259	11.62	tp	0
4-AGAGGAAGGAR	STREME-4	3.2e-002	chr4:21765858-21766297	11.62	tp	0
4-AGAGGAAGGAR	STREME-4	3.2e-002	chr2:144325110-144325520	11.62	tp	0
4-AGAGGAAGGAR	STREME-4	3.2e-002	chr6:43804535-43804884	11.56	tp	0
4-AGAGGAAGGAR	STREME-4	3.2e-002	chr1:201085984-201086267	11.56	tp	0
4-AGAGGAAGGAR	STREME-4	3.2e-002	chr8:102807347-102807784	11.56	fp	0
4-AGAGGAAGGAR	STREME-4	3.2e-002	chr13:113150078-113150695	11.52	fp	0
4-AGAGGAAGGAR	STREME-4	3.2e-002	chr11:34339163-34339963	11.44	tp	0
4-AGAGGAAGGAR	STREME-4	3.2e-002	chr17:2749809-2750104	11.36	tp	0
4-AGAGGAAGGAR	STREME-4	3.2e-002	chr7:12715385-12716130	11.30	tp	0
4-AGAGGAAGGAR	STREME-4	3.2e-002	chr7:127629349-127629733	11.30	tp	0
4-AGAGGAAGGAR	STREME-4	3.2e-002	chr10:73879611-73880052	11.30	tp	0
4-AGAGGAAGGAR	STREME-4	3.2e-002	chr16:73070531-73070979	11.28	tp	0
#
5-GGGAGGGAGGGRAK	STREME-5	4.5e-002	chr1:54865491-54866045	20.34	tp	0
5-GGGAGGGAGGGRAK	STREME-5	4.5e-002	chr22:29030588-29031080	18.29	fp	0
5-GGGAGGGAGGGRAK	STREME-5	4.5e-002	chr7:1579525-1579934	18.16	tp	0
5-GGGAGGGAGGGRAK	STREME-5	4.5e-002	chr16:73070531-73070979	18.16	tp	0
5-GGGAGGGAGGGRAK	STREME-5	4.5e-002	chr1:167066512-167066982	18.14	tp	0
5-GGGAGGGAGGGRAK	STREME-5	4.5e-002	chr8:60412534-60413042	17.56	tp	0
5-GGGAGGGAGGGRAK	STREME-5	4.5e-002	chr5:95988114-95988441	17.56	tp	0
5-GGGAGGGAGGGRAK	STREME-5	4.5e-002	chr17:2749809-2750104	17.55	tp	0
5-GGGAGGGAGGGRAK	STREME-5	4.5e-002	chr7:112411259-112411482	17.51	tp	0
5-GGGAGGGAGGGRAK	STREME-5	4.5e-002	chr6:43276725-43277200	16.69	tp	0
5-GGGAGGGAGGGRAK	STREME-5	4.5e-002	chr1:44655618-44655893	16.68	tp	0
5-GGGAGGGAGGGRAK	STREME-5	4.5e-002	chr11:64085151-64085739	16.67	tp	1
5-GGGAGGGAGGGRAK	STREME-5	4.5e-002	chr2:210502957-210503545	16.62	tp	0
5-GGGAGGGAGGGRAK	STREME-5	4.5e-002	chr22:41957578-41958253	15.93	tp	0
5-GGGAGGGAGGGRAK	STREME-5	4.5e-002	chr16:67816407-67816939	15.75	tp	0
5-GGGAGGGAGGGRAK	STREME-5	4.5e-002	chr9:129167017-129167467	15.63	tp	0
5-GGGAGGGAGGGRAK	STREME-5	4.5e-002	chr1:58457064-58457562	15.57	tp	0
5-GGGAGGGAGGGRAK	STREME-5	4.5e-002	chr4:122716902-122717161	15.57	fp	0
5-GGGAGGGAGGGRAK	STREME-5	4.5e-002	chr11:119764429-119765072	15.46	tp	0
5-GGGAGGGAGGGRAK	STREME-5	4.5e-002	chr10:72309412-72310147	15.21	tp	0
5-GGGAGGGAGGGRAK	STREME-5	4.5e-002	chr14:51283250-51283843	15.12	tp	0
5-GGGAGGGAGGGRAK	STREME-5	4.5e-002	chr6:37791252-37791814	15.03	fp	1
5-GGGAGGGAGGGRAK	STREME-5	4.5e-002	chr1:151735020-151735392	14.85	tp	0
5-GGGAGGGAGGGRAK	STREME-5	4.5e-002	chr21:33894749-33895368	14.85	tp	0
5-GGGAGGGAGGGRAK	STREME-5	4.5e-002	chr11:46392387-46392879	14.83	fp	0
5-GGGAGGGAGGGRAK	STREME-5	4.5e-002	chr5:14270117-14270524	14.80	tp	0
5-GGGAGGGAGGGRAK	STREME-5	4.5e-002	chr19:7265862-7266371	14.77	tp	0
5-GGGAGGGAGGGRAK	STREME-5	4.5e-002	chr19:45878084-45878609	14.71	tp	0
5-GGGAGGGAGGGRAK	STREME-5	4.5e-002	chr17:77331304-77331866	14.71	tp	0
5-GGGAGGGAGGGRAK	STREME-5	4.5e-002	chr22:41417927-41418413	14.70	tp	1
5-GGGAGGGAGGGRAK	STREME-5	4.5e-002	chr17:1908796-1909047	14.65	tp	0
5-GGGAGGGAGGGRAK	STREME-5	4.5e-002	chr15:63497617-63498112	14.65	fp	0
5-GGGAGGGAGGGRAK	STREME-5	4.5e-002	chr1:155091086-155091947	14.65	tp	0
5-GGGAGGGAGGGRAK	STREME-5	4.5e-002	chr19:12983480-12983917	14.62	tp	0
5-GGGAGGGAGGGRAK	STREME-5	4.5e-002	chr18:47749118-47749663	14.60	tp	0
5-GGGAGGGAGGGRAK	STREME-5	4.5e-002	chr5:142186787-142187319	14.53	tp	0
5-GGGAGGGAGGGRAK	STREME-5	4.5e-002	chr1:56915969-56916384	14.50	tp	0
5-GGGAGGGAGGGRAK	STREME-5	4.5e-002	chr20:43550218-43550849	14.50	fp	0
5-GGGAGGGAGGGRAK	STREME-5	4.5e-002	chr13:45281086-45281376	14.49	tp	0
5-GGGAGGGAGGGRAK	STREME-5	4.5e-002	chr8:140393741-140394155	14.32	tp	0
5-GGGAGGGAGGGRAK	STREME-5	4.5e-002	chr1:40802162-40802980	14.21	tp	0
5-GGGAGGGAGGGRAK	STREME-5	4.5e-002	chr15:41790707-41790975	14.19	tp	0
5-GGGAGGGAGGGRAK	STREME-5	4.5e-002	chr3:58568632-58569067	14.17	fp	0
5-GGGAGGGAGGGRAK	STREME-5	4.5e-002	chr11:57130957-57131431	14.05	tp	0
5-GGGAGGGAGGGRAK	STREME-5	4.5e-002	chr1:5745757-5746109	13.99	tp	0
5-GGGAGGGAGGGRAK	STREME-5	4.5e-002	chr9:130682485-130682800	13.97	tp	0
5-GGGAGGGAGGGRAK	STREME-5	4.5e-002	chr10:101213654-101214061	13.97	fp	0
5-GGGAGGGAGGGRAK	STREME-5	4.5e-002	chr12:6063211-6063463	13.90	fp	0
5-GGGAGGGAGGGRAK	STREME-5	4.5e-002	chr1:211603296-211603704	13.89	tp	0
5-GGGAGGGAGGGRAK	STREME-5	4.5e-002	chr2:28594233-28595042	13.89	tp	0
5-GGGAGGGAGGGRAK	STREME-5	4.5e-002	chr2:127050166-127050456	13.86	tp	0
5-GGGAGGGAGGGRAK	STREME-5	4.5e-002	chr4:15905806-15906519	13.75	fp	0
5-GGGAGGGAGGGRAK	STREME-5	4.5e-002	chr5:2038334-2039020	13.69	tp	1
5-GGGAGGGAGGGRAK	STREME-5	4.5e-002	chrX:151082169-151082785	13.69	fp	0
5-GGGAGGGAGGGRAK	STREME-5	4.5e-002	chr1:28248533-28248757	13.69	fp	1
5-GGGAGGGAGGGRAK	STREME-5	4.5e-002	chr1:201448074-201448589	13.68	tp	0
5-GGGAGGGAGGGRAK	STREME-5	4.5e-002	chr1:155044753-155045197	13.67	tp	0
5-GGGAGGGAGGGRAK	STREME-5	4.5e-002	chr12:44931012-44931309	13.54	tp	0
5-GGGAGGGAGGGRAK	STREME-5	4.5e-002	chr1:94094198-94094933	13.51	tp	0
5-GGGAGGGAGGGRAK	STREME-5	4.5e-002	chr8:124037638-124038144	13.50	tp	0
5-GGGAGGGAGGGRAK	STREME-5	4.5e-002	chr1:209435555-209436020	13.50	tp	0
5-GGGAGGGAGGGRAK	STREME-5	4.5e-002	chr17:81428997-81429836	13.49	tp	0
5-GGGAGGGAGGGRAK	STREME-5	4.5e-002	chr2:205885450-205885926	13.43	tp	0
5-GGGAGGGAGGGRAK	STREME-5	4.5e-002	chr20:50818221-50818837	13.43	tp	1
5-GGGAGGGAGGGRAK	STREME-5	4.5e-002	chr16:86519652-86520364	13.42	fp	0
5-GGGAGGGAGGGRAK	STREME-5	4.5e-002	chr3:195106400-195106845	13.42	tp	1
5-GGGAGGGAGGGRAK	STREME-5	4.5e-002	chr13:40428362-40428836	13.40	tp	0
5-GGGAGGGAGGGRAK	STREME-5	4.5e-002	chr11:20610149-20610525	13.34	tp	1
5-GGGAGGGAGGGRAK	STREME-5	4.5e-002	chr1:160376563-160376826	13.32	tp	0
5-GGGAGGGAGGGRAK	STREME-5	4.5e-002	chr19:45443426-45443886	13.31	fp	0
5-GGGAGGGAGGGRAK	STREME-5	4.5e-002	chr15:62899000-62899498	13.26	tp	0
5-GGGAGGGAGGGRAK	STREME-5	4.5e-002	chr9:36023322-36023733	13.25	fp	0
5-GGGAGGGAGGGRAK	STREME-5	4.5e-002	chr7:100837032-100837776	13.24	tp	0
5-GGGAGGGAGGGRAK	STREME-5	4.5e-002	chr18:37343347-37343768	13.20	tp	0
5-GGGAGGGAGGGRAK	STREME-5	4.5e-002	chr10:74018209-74018711	13.13	tp	0
5-GGGAGGGAGGGRAK	STREME-5	4.5e-002	chrX:72018360-72019062	13.11	fp	0
5-GGGAGGGAGGGRAK	STREME-5	4.5e-002	chr7:101602470-101602810	13.09	fp	0
5-GGGAGGGAGGGRAK	STREME-5	4.5e-002	chr16:49350479-49350816	13.05	tp	0
5-GGGAGGGAGGGRAK	STREME-5	4.5e-002	chr19:47243980-47244596	13.01	fp	0
5-GGGAGGGAGGGRAK	STREME-5	4.5e-002	chr8:98169849-98170420	13.01	tp	0
5-GGGAGGGAGGGRAK	STREME-5	4.5e-002	chr11:125404769-125405191	12.98	tp	0
5-GGGAGGGAGGGRAK	STREME-5	4.5e-002	chr7:156908915-156909260	12.93	fp	0
5-GGGAGGGAGGGRAK	STREME-5	4.5e-002	chr9:37438382-37438714	12.91	tp	1
5-GGGAGGGAGGGRAK	STREME-5	4.5e-002	chr9:78121576-78121819	12.90	tp	0
5-GGGAGGGAGGGRAK	STREME-5	4.5e-002	chr2:101328100-101329021	12.86	tp	0
5-GGGAGGGAGGGRAK	STREME-5	4.5e-002	chr16:79509091-79509663	12.83	tp	0
5-GGGAGGGAGGGRAK	STREME-5	4.5e-002	chr10:123994471-123994975	12.80	tp	0
5-GGGAGGGAGGGRAK	STREME-5	4.5e-002	chr19:10027567-10028074	12.78	tp	0
5-GGGAGGGAGGGRAK	STREME-5	4.5e-002	chr7:131945438-131945709	12.78	tp	1
5-GGGAGGGAGGGRAK	STREME-5	4.5e-002	chr12:5002981-5003526	12.73	tp	0
5-GGGAGGGAGGGRAK	STREME-5	4.5e-002	chr1:203342535-203342767	12.70	fp	0
5-GGGAGGGAGGGRAK	STREME-5	4.5e-002	chr5:59127118-59128152	12.70	tp	0
5-GGGAGGGAGGGRAK	STREME-5	4.5e-002	chrX:11787585-11787939	12.65	tp	0
5-GGGAGGGAGGGRAK	STREME-5	4.5e-002	chr20:44393083-44393649	12.64	tp	0
5-GGGAGGGAGGGRAK	STREME-5	4.5e-002	chr9:14203364-14203791	12.63	tp	0
5-GGGAGGGAGGGRAK	STREME-5	4.5e-002	chr22:37708477-37709348	12.57	fp	0
5-GGGAGGGAGGGRAK	STREME-5	4.5e-002	chr1:93672130-93672490	12.57	tp	1
5-GGGAGGGAGGGRAK	STREME-5	4.5e-002	chr9:97803356-97804052	12.53	tp	0
5-GGGAGGGAGGGRAK	STREME-5	4.5e-002	chr12:52156823-52157222	12.51	tp	0
5-GGGAGGGAGGGRAK	STREME-5	4.5e-002	chr11:14249244-14249676	12.47	fp	0
5-GGGAGGGAGGGRAK	STREME-5	4.5e-002	chr2:231687091-231687811	12.42	tp	0
5-GGGAGGGAGGGRAK	STREME-5	4.5e-002	chr19:44796724-44797085	12.35	tp	0
5-GGGAGGGAGGGRAK	STREME-5	4.5e-002	chr17:50841761-50842182	12.30	tp	0
5-GGGAGGGAGGGRAK	STREME-5	4.5e-002	chr5:135466149-135466597	12.25	fp	0
5-GGGAGGGAGGGRAK	STREME-5	4.5e-002	chr14:75560925-75561416	12.24	tp	0
5-GGGAGGGAGGGRAK	STREME-5	4.5e-002	chr4:82739206-82739799	12.21	tp	0
5-GGGAGGGAGGGRAK	STREME-5	4.5e-002	chr3:195106400-195106845	12.20	fp	1
5-GGGAGGGAGGGRAK	STREME-5	4.5e-002	chr19:1855302-1855716	12.20	tp	0
5-GGGAGGGAGGGRAK	STREME-5	4.5e-002	chr1:204084134-204084768	12.15	tp	0
5-GGGAGGGAGGGRAK	STREME-5	4.5e-002	chr4:85747920-85748281	12.13	fp	0
5-GGGAGGGAGGGRAK	STREME-5	4.5e-002	chr1:203342535-203342767	12.10	tp	0
5-GGGAGGGAGGGRAK	STREME-5	4.5e-002	chr20:25065432-25066202	12.09	fp	0
5-GGGAGGGAGGGRAK	STREME-5	4.5e-002	chrX:72018360-72019062	12.05	tp	0
5-GGGAGGGAGGGRAK	STREME-5	4.5e-002	chr7:74606178-74607102	12.03	tp	0
5-GGGAGGGAGGGRAK	STREME-5	4.5e-002	chr1:58903188-58904403	11.96	fp	0
5-GGGAGGGAGGGRAK	STREME-5	4.5e-002	chr13:76980104-76980432	11.96	tp	1
5-GGGAGGGAGGGRAK	STREME-5	4.5e-002	chr5:72611183-72611479	11.93	tp	0
5-GGGAGGGAGGGRAK	STREME-5	4.5e-002	chr5:124655980-124656351	11.92	tp	0
5-GGGAGGGAGGGRAK	STREME-5	4.5e-002	chr17:77392332-77393062	11.89	fp	0
5-GGGAGGGAGGGRAK	STREME-5	4.5e-002	chr8:134478313-134478912	11.88	tp	0
5-GGGAGGGAGGGRAK	STREME-5	4.5e-002	chr22:35430877-35431291	11.86	fp	0
5-GGGAGGGAGGGRAK	STREME-5	4.5e-002	chr7:24820250-24820655	11.84	tp	0
5-GGGAGGGAGGGRAK	STREME-5	4.5e-002	chr1:205307091-205307611	11.83	tp	0
5-GGGAGGGAGGGRAK	STREME-5	4.5e-002	chr17:28494526-28495112	11.82	tp	0
5-GGGAGGGAGGGRAK	STREME-5	4.5e-002	chr13:102457190-102457748	11.79	tp	0
5-GGGAGGGAGGGRAK	STREME-5	4.5e-002	chr10:93993565-93994465	11.79	tp	0
5-GGGAGGGAGGGRAK	STREME-5	4.5e-002	chr18:48674104-48674639	11.78	tp	0
#
6-AGGAAATAG	STREME-6	2.7e-001	chr11:88016449-88016941	14.80	tp	0
6-AGGAAATAG	STREME-6	2.7e-001	chr3:73490690-73491209	14.80	tp	0
6-AGGAAATAG	STREME-6	2.7e-001	chr5:35185523-35185876	14.80	tp	0
6-AGGAAATAG	STREME-6	2.7e-001	chr9:38437194-38437890	14.80	tp	0
6-AGGAAATAG	STREME-6	2.7e-001	chr1:159646756-159647104	14.80	tp	0
6-AGGAAATAG	STREME-6	2.7e-001	chr18:3002828-3003148	14.80	fp	0
6-AGGAAATAG	STREME-6	2.7e-001	chr3:139562028-139562671	14.80	fp	0
6-AGGAAATAG	STREME-6	2.7e-001	chr6:99119470-99119896	14.80	tp	1
6-AGGAAATAG	STREME-6	2.7e-001	chr14:64303466-64303782	14.80	fp	1
6-AGGAAATAG	STREME-6	2.7e-001	chr15:36506771-36507116	13.92	fp	0
6-AGGAAATAG	STREME-6	2.7e-001	chr9:70602359-70602777	13.88	tp	0
6-AGGAAATAG	STREME-6	2.7e-001	chr4:145557591-145558186	13.88	tp	0
6-AGGAAATAG	STREME-6	2.7e-001	chr2:46062986-46063281	13.88	tp	0
6-AGGAAATAG	STREME-6	2.7e-001	chr3:115819795-115820270	13.88	tp	0
6-AGGAAATAG	STREME-6	2.7e-001	chr3:111802101-111802865	13.88	fp	0
6-AGGAAATAG	STREME-6	2.7e-001	chr8:12840637-12841109	13.75	tp	0
6-AGGAAATAG	STREME-6	2.7e-001	chr12:98424719-98425120	13.75	tp	0
6-AGGAAATAG	STREME-6	2.7e-001	chr6:154370626-154370822	13.75	tp	0
6-AGGAAATAG	STREME-6	2.7e-001	chr9:129885729-129886187	13.75	tp	0
6-AGGAAATAG	STREME-6	2.7e-001	chr11:47998707-47999192	13.75	tp	0
6-AGGAAATAG	STREME-6	2.7e-001	chr4:38075370-38075860	13.75	tp	0
6-AGGAAATAG	STREME-6	2.7e-001	chr5:121949885-121950205	13.75	fp	0
6-AGGAAATAG	STREME-6	2.7e-001	chr2:74587592-74588146	12.86	tp	0
6-AGGAAATAG	STREME-6	2.7e-001	chrX:38754174-38754401	12.86	tp	0
6-AGGAAATAG	STREME-6	2.7e-001	chr11:48020015-48020626	12.83	tp	0
6-AGGAAATAG	STREME-6	2.7e-001	chr8:17525442-17526049	12.83	tp	0
6-AGGAAATAG	STREME-6	2.7e-001	chr7:27605803-27606019	12.83	tp	0
6-AGGAAATAG	STREME-6	2.7e-001	chr16:71558266-71558567	12.83	tp	0
6-AGGAAATAG	STREME-6	2.7e-001	chr13:42110560-42111050	12.83	fp	0
6-AGGAAATAG	STREME-6	2.7e-001	chr3:53299604-53300021	12.83	tp	1
6-AGGAAATAG	STREME-6	2.7e-001	chr15:94327434-94327654	12.83	fp	1
6-AGGAAATAG	STREME-6	2.7e-001	chr12:6070448-6070981	12.51	tp	0
6-AGGAAATAG	STREME-6	2.7e-001	chr14:31449860-31450478	12.51	tp	0
6-AGGAAATAG	STREME-6	2.7e-001	chr5:135426163-135426390	12.47	tp	0
6-AGGAAATAG	STREME-6	2.7e-001	chr1:54069902-54070403	12.47	fp	0
6-AGGAAATAG	STREME-6	2.7e-001	chr3:67648207-67648673	12.47	fp	0
6-AGGAAATAG	STREME-6	2.7e-001	chr12:89344066-89344420	12.36	tp	0
6-AGGAAATAG	STREME-6	2.7e-001	chr4:94462669-94462950	12.25	tp	0
6-AGGAAATAG	STREME-6	2.7e-001	chr4:113952461-113952905	12.25	tp	0
6-AGGAAATAG	STREME-6	2.7e-001	chr8:64382054-64382432	12.25	tp	0
6-AGGAAATAG	STREME-6	2.7e-001	chr10:50224387-50224684	12.25	tp	0
6-AGGAAATAG	STREME-6	2.7e-001	chr9:14251132-14251882	12.25	fp	0
6-AGGAAATAG	STREME-6	2.7e-001	chr12:79555542-79555832	12.25	fp	0
6-AGGAAATAG	STREME-6	2.7e-001	chr4:10403785-10404058	12.25	tp	1
6-AGGAAATAG	STREME-6	2.7e-001	chr1:35202136-35202586	11.93	fp	0
6-AGGAAATAG	STREME-6	2.7e-001	chr10:99560583-99560822	11.83	tp	0
6-AGGAAATAG	STREME-6	2.7e-001	chr15:89870697-89870990	11.83	tp	0
6-AGGAAATAG	STREME-6	2.7e-001	chr6:148358157-148358753	11.83	tp	0
6-AGGAAATAG	STREME-6	2.7e-001	chr10:87579633-87579889	11.83	tp	1
6-AGGAAATAG	STREME-6	2.7e-001	chr6:100107395-100107789	11.83	tp	1
6-AGGAAATAG	STREME-6	2.7e-001	chr1:35202136-35202586	11.57	tp	0
6-AGGAAATAG	STREME-6	2.7e-001	chr20:24984011-24984261	11.57	tp	0
6-AGGAAATAG	STREME-6	2.7e-001	chr14:89214140-89214726	11.57	tp	0
6-AGGAAATAG	STREME-6	2.7e-001	chr1:214030495-214030914	11.56	tp	0
6-AGGAAATAG	STREME-6	2.7e-001	chr18:31982937-31983597	11.56	tp	0
6-AGGAAATAG	STREME-6	2.7e-001	chr9:14251132-14251882	11.56	tp	0
6-AGGAAATAG	STREME-6	2.7e-001	chr1:162213274-162213880	11.56	tp	0
6-AGGAAATAG	STREME-6	2.7e-001	chr5:142807189-142808046	11.56	fp	0
6-AGGAAATAG	STREME-6	2.7e-001	chr5:54631058-54631321	11.56	fp	0
6-AGGAAATAG	STREME-6	2.7e-001	chr8:125163343-125163830	11.56	fp	0
6-AGGAAATAG	STREME-6	2.7e-001	chr9:72592630-72593056	11.46	tp	0
6-AGGAAATAG	STREME-6	2.7e-001	chr2:158539162-158539594	11.46	fp	0
6-AGGAAATAG	STREME-6	2.7e-001	chr17:62968523-62968772	11.46	fp	0
6-AGGAAATAG	STREME-6	2.7e-001	chr22:25137575-25137977	11.46	fp	0
6-AGGAAATAG	STREME-6	2.7e-001	chr6:143575391-143575699	11.42	tp	0
6-AGGAAATAG	STREME-6	2.7e-001	chr11:46112998-46113349	11.42	fp	1
6-AGGAAATAG	STREME-6	2.7e-001	chr21:17522973-17523536	11.42	fp	1
6-AGGAAATAG	STREME-6	2.7e-001	chr14:59055491-59055913	11.37	tp	0
6-AGGAAATAG	STREME-6	2.7e-001	chr2:29841462-29841692	11.37	tp	0
6-AGGAAATAG	STREME-6	2.7e-001	chrX:74382586-74383024	11.37	tp	1
6-AGGAAATAG	STREME-6	2.7e-001	chr5:111469965-111470280	11.25	tp	0
6-AGGAAATAG	STREME-6	2.7e-001	chr20:9978285-9978902	11.25	tp	0
6-AGGAAATAG	STREME-6	2.7e-001	chr16:58661181-58661710	11.25	fp	0
6-AGGAAATAG	STREME-6	2.7e-001	chr2:46062986-46063281	11.25	fp	0
6-AGGAAATAG	STREME-6	2.7e-001	chr3:58568632-58569067	11.20	tp	0
6-AGGAAATAG	STREME-6	2.7e-001	chr16:22099056-22099304	11.20	tp	0
6-AGGAAATAG	STREME-6	2.7e-001	chr6:2353765-2354207	11.20	tp	0
6-AGGAAATAG	STREME-6	2.7e-001	chr7:33932846-33933203	11.20	tp	0
6-AGGAAATAG	STREME-6	2.7e-001	chr9:129885729-129886187	11.20	fp	0
6-AGGAAATAG	STREME-6	2.7e-001	chr20:21529893-21530228	11.20	tp	1
6-AGGAAATAG	STREME-6	2.7e-001	chr4:107913264-107913609	11.18	tp	0
6-AGGAAATAG	STREME-6	2.7e-001	chr10:60236802-60237620	11.18	tp	0
6-AGGAAATAG	STREME-6	2.7e-001	chr15:78140112-78140788	11.18	tp	0
6-AGGAAATAG	STREME-6	2.7e-001	chr11:83819993-83820272	11.18	tp	0
6-AGGAAATAG	STREME-6	2.7e-001	chr2:17646067-17646610	11.18	tp	0
6-AGGAAATAG	STREME-6	2.7e-001	chr9:131669947-131670603	11.18	tp	0
6-AGGAAATAG	STREME-6	2.7e-001	chr6:161393859-161394430	11.18	tp	0
6-AGGAAATAG	STREME-6	2.7e-001	chr2:42859009-42859263	11.18	tp	0
6-AGGAAATAG	STREME-6	2.7e-001	chr11:27456050-27456469	11.18	fp	0
6-AGGAAATAG	STREME-6	2.7e-001	chr8:115449280-115449674	11.18	fp	0
6-AGGAAATAG	STREME-6	2.7e-001	chr13:24694003-24694433	11.09	tp	0
6-AGGAAATAG	STREME-6	2.7e-001	chr13:40966349-40966664	10.99	tp	0
6-AGGAAATAG	STREME-6	2.7e-001	chr12:9132111-9132572	10.99	fp	0
6-AGGAAATAG	STREME-6	2.7e-001	chr5:142521688-142522272	10.93	tp	0
6-AGGAAATAG	STREME-6	2.7e-001	chr17:73429418-73429885	10.93	tp	0
6-AGGAAATAG	STREME-6	2.7e-001	chr18:8696782-8697082	10.93	tp	0
6-AGGAAATAG	STREME-6	2.7e-001	chr8:70839682-70840246	10.91	tp	0
6-AGGAAATAG	STREME-6	2.7e-001	chr4:123102966-123103433	10.91	tp	0
6-AGGAAATAG	STREME-6	2.7e-001	chr12:14514162-14514539	10.87	tp	0
6-AGGAAATAG	STREME-6	2.7e-001	chr18:58493584-58494267	10.86	tp	0
6-AGGAAATAG	STREME-6	2.7e-001	chr1:85137615-85138175	10.86	tp	0
6-AGGAAATAG	STREME-6	2.7e-001	chr20:10540624-10541078	10.86	tp	0
6-AGGAAATAG	STREME-6	2.7e-001	chr5:15995343-15995757	10.86	tp	0
6-AGGAAATAG	STREME-6	2.7e-001	chr12:101414606-101414863	10.86	tp	1
6-AGGAAATAG	STREME-6	2.7e-001	chr5:73519533-73520060	10.86	tp	1
6-AGGAAATAG	STREME-6	2.7e-001	chr5:53167650-53168289	10.85	tp	0
6-AGGAAATAG	STREME-6	2.7e-001	chr3:55591805-55592284	10.85	fp	0
6-AGGAAATAG	STREME-6	2.7e-001	chr2:160388431-160389139	10.85	fp	0
6-AGGAAATAG	STREME-6	2.7e-001	chr1:151820265-151820608	10.85	tp	1
6-AGGAAATAG	STREME-6	2.7e-001	chr8:60929246-60929645	10.85	fp	1
6-AGGAAATAG	STREME-6	2.7e-001	chr2:30707050-30707307	10.77	tp	0
6-AGGAAATAG	STREME-6	2.7e-001	chr9:20940618-20941485	10.77	tp	0
6-AGGAAATAG	STREME-6	2.7e-001	chr9:87569964-87570424	10.77	fp	0
6-AGGAAATAG	STREME-6	2.7e-001	chr1:117629721-117630334	10.77	fp	0
6-AGGAAATAG	STREME-6	2.7e-001	chr3:71512046-71512331	10.75	tp	0
6-AGGAAATAG	STREME-6	2.7e-001	chrX:109713058-109713332	10.75	fp	0
6-AGGAAATAG	STREME-6	2.7e-001	chr14:63276657-63277223	10.75	tp	0
6-AGGAAATAG	STREME-6	2.7e-001	chr15:64635479-64635852	10.75	tp	0
6-AGGAAATAG	STREME-6	2.7e-001	chr5:37668550-37669005	10.75	fp	0
6-AGGAAATAG	STREME-6	2.7e-001	chr12:114858422-114858794	10.75	fp	0
6-AGGAAATAG	STREME-6	2.7e-001	chrX:106780645-106781225	10.73	tp	0
6-AGGAAATAG	STREME-6	2.7e-001	chr6:131552627-131552937	10.73	tp	0
6-AGGAAATAG	STREME-6	2.7e-001	chr14:54329058-54329552	10.73	tp	0
6-AGGAAATAG	STREME-6	2.7e-001	chr7:20858846-20859666	10.73	tp	1
6-AGGAAATAG	STREME-6	2.7e-001	chr15:40905990-40906770	10.73	fp	1
6-AGGAAATAG	STREME-6	2.7e-001	chr1:92310175-92310397	10.71	tp	0
6-AGGAAATAG	STREME-6	2.7e-001	chr17:50935274-50935743	10.71	tp	0
6-AGGAAATAG	STREME-6	2.7e-001	chr14:68938655-68939025	10.71	tp	0
6-AGGAAATAG	STREME-6	2.7e-001	chr13:43804538-43804782	10.71	fp	0
6-AGGAAATAG	STREME-6	2.7e-001	chr12:71415682-71416082	10.71	fp	0
6-AGGAAATAG	STREME-6	2.7e-001	chr12:79927940-79928453	10.61	tp	0
6-AGGAAATAG	STREME-6	2.7e-001	chr11:18259106-18259828	10.61	tp	0
6-AGGAAATAG	STREME-6	2.7e-001	chr1:65075225-65075687	10.61	tp	0
6-AGGAAATAG	STREME-6	2.7e-001	chr6:130322761-130322991	10.61	tp	0
6-AGGAAATAG	STREME-6	2.7e-001	chrX:118847662-118847980	10.61	tp	0
6-AGGAAATAG	STREME-6	2.7e-001	chr1:53860854-53861418	10.61	tp	0
6-AGGAAATAG	STREME-6	2.7e-001	chr1:16082386-16082794	10.61	fp	0
6-AGGAAATAG	STREME-6	2.7e-001	chr14:54329058-54329552	10.61	fp	0
6-AGGAAATAG	STREME-6	2.7e-001	chr6:79713660-79713990	10.52	tp	0
6-AGGAAATAG	STREME-6	2.7e-001	chr8:118029564-118030247	10.52	tp	0
6-AGGAAATAG	STREME-6	2.7e-001	chr12:106195336-106196056	10.52	tp	0
6-AGGAAATAG	STREME-6	2.7e-001	chr5:154467724-154468131	10.51	tp	0
6-AGGAAATAG	STREME-6	2.7e-001	chr9:123738654-123739055	10.51	tp	0
6-AGGAAATAG	STREME-6	2.7e-001	chr12:50980625-50981032	10.51	tp	0
6-AGGAAATAG	STREME-6	2.7e-001	chr2:216596259-216597395	10.51	fp	0
6-AGGAAATAG	STREME-6	2.7e-001	chr17:63612296-63612683	10.36	tp	0
6-AGGAAATAG	STREME-6	2.7e-001	chr8:90758373-90758593	10.36	fp	0
6-AGGAAATAG	STREME-6	2.7e-001	chr1:212257201-212257488	10.36	fp	1
6-AGGAAATAG	STREME-6	2.7e-001	chr9:109730241-109730568	10.32	tp	0
6-AGGAAATAG	STREME-6	2.7e-001	chr9:128043411-128043833	10.32	tp	0
6-AGGAAATAG	STREME-6	2.7e-001	chr9:17462861-17463160	10.32	fp	0
6-AGGAAATAG	STREME-6	2.7e-001	chr15:67456968-67457397	10.32	tp	1
6-AGGAAATAG	STREME-6	2.7e-001	chr12:21828819-21829311	10.29	tp	0
6-AGGAAATAG	STREME-6	2.7e-001	chr1:93021554-93022025	10.25	fp	0
6-AGGAAATAG	STREME-6	2.7e-001	chr5:90911211-90911482	10.23	tp	0
6-AGGAAATAG	STREME-6	2.7e-001	chr6:5143485-5143946	10.19	tp	0
6-AGGAAATAG	STREME-6	2.7e-001	chr15:101015179-101015571	10.19	tp	0
6-AGGAAATAG	STREME-6	2.7e-001	chr11:6251174-6251441	10.19	tp	0
6-AGGAAATAG	STREME-6	2.7e-001	chr12:98373044-98373327	10.19	tp	0
6-AGGAAATAG	STREME-6	2.7e-001	chr16:53773210-53773663	10.02	fp	0
6-AGGAAATAG	STREME-6	2.7e-001	chr18:58413783-58414671	10.02	fp	0
6-AGGAAATAG	STREME-6	2.7e-001	chr5:175533967-175534651	9.99	tp	0
6-AGGAAATAG	STREME-6	2.7e-001	chr8:20435353-20435954	9.99	tp	0
6-AGGAAATAG	STREME-6	2.7e-001	chr9:95025725-95026158	9.99	tp	0
6-AGGAAATAG	STREME-6	2.7e-001	chr11:27456050-27456469	9.99	tp	0
6-AGGAAATAG	STREME-6	2.7e-001	chr1:230120948-230121362	9.99	tp	0
6-AGGAAATAG	STREME-6	2.7e-001	chr9:613698-614273	9.99	tp	0
6-AGGAAATAG	STREME-6	2.7e-001	chr10:101485745-101486395	9.99	tp	0
6-AGGAAATAG	STREME-6	2.7e-001	chr11:14541117-14541768	9.99	tp	0
6-AGGAAATAG	STREME-6	2.7e-001	chr7:29102618-29102868	9.99	tp	0
6-AGGAAATAG	STREME-6	2.7e-001	chr10:58414609-58414985	9.99	tp	0
6-AGGAAATAG	STREME-6	2.7e-001	chr9:34547926-34548294	9.99	tp	0
6-AGGAAATAG	STREME-6	2.7e-001	chr3:15542547-15543037	9.99	tp	0
6-AGGAAATAG	STREME-6	2.7e-001	chr3:65439669-65440083	9.99	tp	0
6-AGGAAATAG	STREME-6	2.7e-001	chr20:47576609-47577067	9.99	tp	0
6-AGGAAATAG	STREME-6	2.7e-001	chr22:40711524-40712036	9.99	tp	0
6-AGGAAATAG	STREME-6	2.7e-001	chr8:33590791-33591262	9.99	fp	0
6-AGGAAATAG	STREME-6	2.7e-001	chr7:112129728-112130429	9.99	fp	0
6-AGGAAATAG	STREME-6	2.7e-001	chr15:66733984-66734505	9.99	fp	0
6-AGGAAATAG	STREME-6	2.7e-001	chr16:79294426-79294952	9.99	fp	0
6-AGGAAATAG	STREME-6	2.7e-001	chr4:77465306-77465833	9.99	fp	0
6-AGGAAATAG	STREME-6	2.7e-001	chr16:66197760-66198564	9.99	fp	0
6-AGGAAATAG	STREME-6	2.7e-001	chr16:75789084-75789501	9.98	tp	0
6-AGGAAATAG	STREME-6	2.7e-001	chr6:89368200-89368397	9.98	fp	0
6-AGGAAATAG	STREME-6	2.7e-001	chr14:62163049-62163370	9.97	tp	0
6-AGGAAATAG	STREME-6	2.7e-001	chr9:81588175-81588752	9.97	tp	0
6-AGGAAATAG	STREME-6	2.7e-001	chr6:90288463-90288758	9.97	tp	0
6-AGGAAATAG	STREME-6	2.7e-001	chr10:6279461-6280021	9.97	tp	0
6-AGGAAATAG	STREME-6	2.7e-001	chr10:116682298-116682689	9.97	tp	0
6-AGGAAATAG	STREME-6	2.7e-001	chr3:123102698-123103389	9.97	fp	0
6-AGGAAATAG	STREME-6	2.7e-001	chr12:119413234-119413485	9.97	fp	1
6-AGGAAATAG	STREME-6	2.7e-001	chr6:39347704-39348167	9.95	tp	0
6-AGGAAATAG	STREME-6	2.7e-001	chr1:204477377-204477722	9.95	tp	0
6-AGGAAATAG	STREME-6	2.7e-001	chr1:98048271-98048689	9.95	tp	0
6-AGGAAATAG	STREME-6	2.7e-001	chr7:23020851-23021272	9.95	tp	0
6-AGGAAATAG	STREME-6	2.7e-001	chr16:72042074-72042656	9.95	tp	0
6-AGGAAATAG	STREME-6	2.7e-001	chr3:144105455-144105951	9.95	tp	0
6-AGGAAATAG	STREME-6	2.7e-001	chr4:53929681-53930470	9.95	tp	0
6-AGGAAATAG	STREME-6	2.7e-001	chr3:66442236-66442702	9.95	tp	0
6-AGGAAATAG	STREME-6	2.7e-001	chr1:22472501-22473022	9.95	tp	0
6-AGGAAATAG	STREME-6	2.7e-001	chr1:110053672-110054140	9.95	tp	0
6-AGGAAATAG	STREME-6	2.7e-001	chr5:128213332-128213659	9.95	fp	0
6-AGGAAATAG	STREME-6	2.7e-001	chr19:33771585-33771897	9.95	fp	0
6-AGGAAATAG	STREME-6	2.7e-001	chr5:151658952-151659374	9.95	fp	0
6-AGGAAATAG	STREME-6	2.7e-001	chr4:113952461-113952905	9.95	fp	0
6-AGGAAATAG	STREME-6	2.7e-001	chr1:204477377-204477722	9.95	fp	0
6-AGGAAATAG	STREME-6	2.7e-001	chr11:59158335-59158840	9.95	tp	1
6-AGGAAATAG	STREME-6	2.7e-001	chr4:153661199-153662088	9.93	fp	0
6-AGGAAATAG	STREME-6	2.7e-001	chr4:71713653-71713945	9.93	fp	0
6-AGGAAATAG	STREME-6	2.7e-001	chr5:90439725-90440143	9.92	tp	0
6-AGGAAATAG	STREME-6	2.7e-001	chr10:77004983-77005353	9.92	tp	0
6-AGGAAATAG	STREME-6	2.7e-001	chr10:77004983-77005353	9.92	fp	0
6-AGGAAATAG	STREME-6	2.7e-001	chr3:73614300-73614759	9.92	fp	0
6-AGGAAATAG	STREME-6	2.7e-001	chr5:132883289-132883615	9.92	fp	0
6-AGGAAATAG	STREME-6	2.7e-001	chr1:203504555-203505140	9.88	fp	0
6-AGGAAATAG	STREME-6	2.7e-001	chr14:55161046-55161310	9.88	fp	0
6-AGGAAATAG	STREME-6	2.7e-001	chr10:60236802-60237620	9.88	fp	0
6-AGGAAATAG	STREME-6	2.7e-001	chr10:110137096-110137562	9.84	tp	0
6-AGGAAATAG	STREME-6	2.7e-001	chr18:70454775-70455012	9.84	tp	0
6-AGGAAATAG	STREME-6	2.7e-001	chr5:124605355-124605881	9.81	tp	0
6-AGGAAATAG	STREME-6	2.7e-001	chr3:152376528-152377140	9.81	fp	0
6-AGGAAATAG	STREME-6	2.7e-001	chr7:135761819-135762892	9.79	tp	0
6-AGGAAATAG	STREME-6	2.7e-001	chr18:31506405-31506655	9.79	tp	0
6-AGGAAATAG	STREME-6	2.7e-001	chr15:36883712-36884079	9.79	tp	0
6-AGGAAATAG	STREME-6	2.7e-001	chr1:151820265-151820608	9.79	fp	0
6-AGGAAATAG	STREME-6	2.7e-001	chr1:176559898-176560161	9.79	fp	0
6-AGGAAATAG	STREME-6	2.7e-001	chr17:64706898-64707514	9.78	tp	0
6-AGGAAATAG	STREME-6	2.7e-001	chr12:123064427-123064705	9.72	tp	0
6-AGGAAATAG	STREME-6	2.7e-001	chr12:49662955-49663434	9.72	tp	0
6-AGGAAATAG	STREME-6	2.7e-001	chr4:4488402-4488865	9.70	tp	0
6-AGGAAATAG	STREME-6	2.7e-001	chr18:74657565-74657925	9.70	tp	0
6-AGGAAATAG	STREME-6	2.7e-001	chr10:112314845-112315164	9.70	tp	0
6-AGGAAATAG	STREME-6	2.7e-001	chr1:94801854-94802494	9.70	fp	0
6-AGGAAATAG	STREME-6	2.7e-001	chr6:122381552-122381863	9.68	tp	0
6-AGGAAATAG	STREME-6	2.7e-001	chr6:79544914-79545409	9.66	tp	0
6-AGGAAATAG	STREME-6	2.7e-001	chr4:118270389-118270743	9.66	tp	0
6-AGGAAATAG	STREME-6	2.7e-001	chr2:165008708-165009298	9.66	tp	1
6-AGGAAATAG	STREME-6	2.7e-001	chr5:55344473-55344681	9.55	fp	0
6-AGGAAATAG	STREME-6	2.7e-001	chr15:41790707-41790975	9.55	fp	1
6-AGGAAATAG	STREME-6	2.7e-001	chr7:121547415-121547873	9.39	tp	0
6-AGGAAATAG	STREME-6	2.7e-001	chr7:88322095-88322541	9.39	tp	0
6-AGGAAATAG	STREME-6	2.7e-001	chr14:50060956-50061364	9.39	tp	0
6-AGGAAATAG	STREME-6	2.7e-001	chr17:42269298-42269760	9.39	tp	0
6-AGGAAATAG	STREME-6	2.7e-001	chr8:23692586-23692999	9.39	tp	0
6-AGGAAATAG	STREME-6	2.7e-001	chr9:112119320-112120053	9.39	fp	0
6-AGGAAATAG	STREME-6	2.7e-001	chr1:19918083-19918311	9.39	fp	1
6-AGGAAATAG	STREME-6	2.7e-001	chr3:122942797-122943325	9.39	fp	1
6-AGGAAATAG	STREME-6	2.7e-001	chr9:72039023-72039278	9.38	tp	0
6-AGGAAATAG	STREME-6	2.7e-001	chr6:47631165-47632139	9.38	fp	0
6-AGGAAATAG	STREME-6	2.7e-001	chr8:28367483-28367818	9.33	tp	0
6-AGGAAATAG	STREME-6	2.7e-001	chr6:88982742-88983115	9.33	tp	0
6-AGGAAATAG	STREME-6	2.7e-001	chr11:20647879-20648455	9.33	tp	0
6-AGGAAATAG	STREME-6	2.7e-001	chr6:136669256-136669675	9.33	tp	0
6-AGGAAATAG	STREME-6	2.7e-001	chr2:177273282-177273817	9.33	fp	0
6-AGGAAATAG	STREME-6	2.7e-001	chr7:29204539-29204844	9.33	fp	0
6-AGGAAATAG	STREME-6	2.7e-001	chr13:41054296-41054550	9.31	tp	0
6-AGGAAATAG	STREME-6	2.7e-001	chr12:61894018-61894652	9.31	tp	0
6-AGGAAATAG	STREME-6	2.7e-001	chr6:44431198-44431418	9.31	fp	0
6-AGGAAATAG	STREME-6	2.7e-001	chr6:135423627-135423999	9.31	tp	1
#
7-WAATAAATA	STREME-7	3.6e-001	chr1:200401326-200401602	14.96	tp	0
7-WAATAAATA	STREME-7	3.6e-001	chr21:17462316-17463083	14.96	fp	0
7-WAATAAATA	STREME-7	3.6e-001	chr8:132651435-132651876	14.96	fp	0
7-WAATAAATA	STREME-7	3.6e-001	chr10:118721109-118721343	14.51	tp	0
7-WAATAAATA	STREME-7	3.6e-001	chr12:75560145-75560510	14.51	tp	0
7-WAATAAATA	STREME-7	3.6e-001	chr10:60977635-60978066	14.51	tp	0
7-WAATAAATA	STREME-7	3.6e-001	chr3:111802101-111802865	14.51	tp	0
7-WAATAAATA	STREME-7	3.6e-001	chr6:137315097-137315390	14.51	tp	0
7-WAATAAATA	STREME-7	3.6e-001	chr2:168559091-168559706	14.51	tp	0
7-WAATAAATA	STREME-7	3.6e-001	chr10:24518408-24518899	14.51	tp	0
7-WAATAAATA	STREME-7	3.6e-001	chr2:86072241-86073009	14.51	tp	0
7-WAATAAATA	STREME-7	3.6e-001	chr20:47576609-47577067	14.51	tp	0
7-WAATAAATA	STREME-7	3.6e-001	chr4:85747920-85748281	14.51	fp	0
7-WAATAAATA	STREME-7	3.6e-001	chrX:14039401-14039666	14.51	fp	1
7-WAATAAATA	STREME-7	3.6e-001	chr7:25389563-25389808	14.19	fp	0
7-WAATAAATA	STREME-7	3.6e-001	chr20:16634715-16634951	14.07	fp	0
7-WAATAAATA	STREME-7	3.6e-001	chr1:171984948-171985190	13.93	tp	0
7-WAATAAATA	STREME-7	3.6e-001	chr13:109604960-109605226	13.93	tp	0
7-WAATAAATA	STREME-7	3.6e-001	chr11:119764429-119765072	13.85	tp	0
7-WAATAAATA	STREME-7	3.6e-001	chr5:141608552-141608898	13.85	tp	0
7-WAATAAATA	STREME-7	3.6e-001	chr8:70745399-70746037	13.85	tp	0
7-WAATAAATA	STREME-7	3.6e-001	chr16:66344611-66345001	13.85	fp	0
7-WAATAAATA	STREME-7	3.6e-001	chr20:53711314-53711627	13.74	tp	0
7-WAATAAATA	STREME-7	3.6e-001	chr3:114697378-114697925	13.74	tp	0
7-WAATAAATA	STREME-7	3.6e-001	chr8:104484500-104484999	13.74	tp	0
7-WAATAAATA	STREME-7	3.6e-001	chr3:64533612-64534171	13.74	tp	0
7-WAATAAATA	STREME-7	3.6e-001	chr3:66297344-66297826	13.74	tp	0
7-WAATAAATA	STREME-7	3.6e-001	chr22:43436163-43436838	13.74	tp	0
7-WAATAAATA	STREME-7	3.6e-001	chr16:78483464-78483720	13.74	tp	0
7-WAATAAATA	STREME-7	3.6e-001	chr11:114098868-114099288	13.74	tp	0
7-WAATAAATA	STREME-7	3.6e-001	chr7:25952628-25953056	13.74	tp	0
7-WAATAAATA	STREME-7	3.6e-001	chr13:74187441-74187934	13.74	fp	0
7-WAATAAATA	STREME-7	3.6e-001	chr15:67456968-67457397	13.74	tp	1
7-WAATAAATA	STREME-7	3.6e-001	chr11:76801818-76802117	13.74	fp	1
7-WAATAAATA	STREME-7	3.6e-001	chr8:125424192-125424562	13.48	tp	0
7-WAATAAATA	STREME-7	3.6e-001	chr13:101127820-101128077	13.40	tp	0
7-WAATAAATA	STREME-7	3.6e-001	chr3:146590005-146590216	13.40	tp	0
7-WAATAAATA	STREME-7	3.6e-001	chr15:57437601-57438191	13.40	tp	0
7-WAATAAATA	STREME-7	3.6e-001	chr8:102679502-102680029	13.30	tp	0
7-WAATAAATA	STREME-7	3.6e-001	chr10:93710265-93710687	13.21	tp	0
7-WAATAAATA	STREME-7	3.6e-001	chr13:35164329-35164741	13.21	tp	0
7-WAATAAATA	STREME-7	3.6e-001	chr4:16264875-16265152	13.21	tp	0
7-WAATAAATA	STREME-7	3.6e-001	chr14:50060956-50061364	13.21	tp	0
7-WAATAAATA	STREME-7	3.6e-001	chr1:146006995-146007604	13.21	fp	0
7-WAATAAATA	STREME-7	3.6e-001	chrX:134484119-134484328	13.21	tp	1
7-WAATAAATA	STREME-7	3.6e-001	chr9:95025725-95026158	13.04	tp	0
7-WAATAAATA	STREME-7	3.6e-001	chr11:116888880-116889441	13.04	tp	0
7-WAATAAATA	STREME-7	3.6e-001	chr21:15140280-15140918	13.04	tp	0
7-WAATAAATA	STREME-7	3.6e-001	chr22:42780112-42780502	13.04	fp	0
7-WAATAAATA	STREME-7	3.6e-001	chr9:27033874-27034172	12.97	tp	0
7-WAATAAATA	STREME-7	3.6e-001	chr3:146577756-146577995	12.97	tp	0
7-WAATAAATA	STREME-7	3.6e-001	chr6:151699706-151700178	12.97	tp	0
7-WAATAAATA	STREME-7	3.6e-001	chr5:34898293-34898608	12.97	tp	0
7-WAATAAATA	STREME-7	3.6e-001	chr5:66307717-66308127	12.97	fp	0
7-WAATAAATA	STREME-7	3.6e-001	chr4:26330226-26330517	12.97	tp	1
7-WAATAAATA	STREME-7	3.6e-001	chr20:53652143-53653017	12.96	tp	0
7-WAATAAATA	STREME-7	3.6e-001	chr5:37668550-37669005	12.96	tp	0
7-WAATAAATA	STREME-7	3.6e-001	chr4:128220319-128220604	12.96	tp	0
7-WAATAAATA	STREME-7	3.6e-001	chr6:135423627-135423999	12.96	fp	1
7-WAATAAATA	STREME-7	3.6e-001	chr16:53549894-53550415	12.92	tp	0
7-WAATAAATA	STREME-7	3.6e-001	chr14:77070618-77070999	12.92	tp	0
7-WAATAAATA	STREME-7	3.6e-001	chr18:55415234-55415752	12.92	tp	0
7-WAATAAATA	STREME-7	3.6e-001	chr12:18546377-18546973	12.90	tp	0
7-WAATAAATA	STREME-7	3.6e-001	chr6:70166212-70166693	12.90	tp	0
7-WAATAAATA	STREME-7	3.6e-001	chr2:190023956-190024220	12.90	tp	0
7-WAATAAATA	STREME-7	3.6e-001	chr16:66197760-66198564	12.74	tp	0
7-WAATAAATA	STREME-7	3.6e-001	chr7:21805854-21806113	12.74	tp	0
7-WAATAAATA	STREME-7	3.6e-001	chrX:106780645-106781225	12.74	tp	0
7-WAATAAATA	STREME-7	3.6e-001	chr6:43806290-43806866	12.74	tp	0
7-WAATAAATA	STREME-7	3.6e-001	chr15:48352506-48352900	12.74	fp	0
7-WAATAAATA	STREME-7	3.6e-001	chr2:43193982-43194695	12.74	tp	1
7-WAATAAATA	STREME-7	3.6e-001	chr6:47419699-47419988	12.74	tp	1
7-WAATAAATA	STREME-7	3.6e-001	chr1:17419720-17420145	12.64	tp	0
7-WAATAAATA	STREME-7	3.6e-001	chr3:94004333-94004795	12.64	tp	0
7-WAATAAATA	STREME-7	3.6e-001	chr1:59315968-59316355	12.64	tp	0
7-WAATAAATA	STREME-7	3.6e-001	chr1:109877132-109877923	12.59	tp	0
7-WAATAAATA	STREME-7	3.6e-001	chr12:92785122-92785484	12.56	tp	0
7-WAATAAATA	STREME-7	3.6e-001	chr1:58739939-58740319	12.56	tp	0
7-WAATAAATA	STREME-7	3.6e-001	chr8:133559020-133559434	12.56	fp	0
7-WAATAAATA	STREME-7	3.6e-001	chr12:110253268-110253534	12.51	tp	0
7-WAATAAATA	STREME-7	3.6e-001	chr13:79541278-79541764	12.51	tp	0
7-WAATAAATA	STREME-7	3.6e-001	chr7:47180158-47180503	12.51	fp	0
7-WAATAAATA	STREME-7	3.6e-001	chr15:64019784-64020155	12.47	tp	0
7-WAATAAATA	STREME-7	3.6e-001	chr8:115449280-115449674	12.47	tp	0
7-WAATAAATA	STREME-7	3.6e-001	chr5:129767887-129768321	12.47	tp	0
#
8-GAAGCAAATG	STREME-8	5.0e-001	chr17:40303070-40303601	17.30	tp	0
8-GAAGCAAATG	STREME-8	5.0e-001	chrX:70097293-70097699	17.30	tp	0
8-GAAGCAAATG	STREME-8	5.0e-001	chr22:29589983-29590292	17.30	tp	0
8-GAAGCAAATG	STREME-8	5.0e-001	chr14:75488847-75489077	16.18	fp	0
8-GAAGCAAATG	STREME-8	5.0e-001	chr12:54207740-54208121	14.94	tp	0
8-GAAGCAAATG	STREME-8	5.0e-001	chr6:136103514-136104478	14.94	tp	0
8-GAAGCAAATG	STREME-8	5.0e-001	chr8:59030403-59030855	14.94	tp	0
8-GAAGCAAATG	STREME-8	5.0e-001	chr14:63276657-63277223	14.94	tp	0
8-GAAGCAAATG	STREME-8	5.0e-001	chr11:96054906-96055288	14.94	tp	0
8-GAAGCAAATG	STREME-8	5.0e-001	chr10:62492080-62492445	14.76	tp	0
8-GAAGCAAATG	STREME-8	5.0e-001	chr6:13479911-13480352	14.73	tp	0
8-GAAGCAAATG	STREME-8	5.0e-001	chr10:63115601-63116176	14.73	tp	0
8-GAAGCAAATG	STREME-8	5.0e-001	chr10:122044694-122045106	14.73	tp	1
8-GAAGCAAATG	STREME-8	5.0e-001	chr5:138503810-138504061	14.44	tp	0
8-GAAGCAAATG	STREME-8	5.0e-001	chr7:116776587-116776975	14.44	tp	0
8-GAAGCAAATG	STREME-8	5.0e-001	chr12:100554611-100554959	14.44	tp	0
8-GAAGCAAATG	STREME-8	5.0e-001	chr12:48165050-48165409	14.44	tp	0
8-GAAGCAAATG	STREME-8	5.0e-001	chr6:4155867-4156333	14.09	tp	0
8-GAAGCAAATG	STREME-8	5.0e-001	chr15:94327434-94327654	13.93	tp	0
8-GAAGCAAATG	STREME-8	5.0e-001	chr11:88231934-88232338	13.93	tp	0
8-GAAGCAAATG	STREME-8	5.0e-001	chr6:12060597-12061272	13.92	tp	0
8-GAAGCAAATG	STREME-8	5.0e-001	chr7:106947296-106947562	13.69	tp	0
8-GAAGCAAATG	STREME-8	5.0e-001	chr9:32251503-32251940	13.61	tp	0
8-GAAGCAAATG	STREME-8	5.0e-001	chr17:2848727-2849145	13.61	tp	0
8-GAAGCAAATG	STREME-8	5.0e-001	chr10:24196497-24196803	13.61	tp	0
8-GAAGCAAATG	STREME-8	5.0e-001	chr12:62799199-62799610	13.54	tp	0
8-GAAGCAAATG	STREME-8	5.0e-001	chr1:81414316-81415045	13.54	tp	0
8-GAAGCAAATG	STREME-8	5.0e-001	chr1:45134381-45134848	13.54	tp	0
8-GAAGCAAATG	STREME-8	5.0e-001	chr7:29102618-29102868	13.36	tp	0
8-GAAGCAAATG	STREME-8	5.0e-001	chr1:182289969-182290535	13.13	tp	0
8-GAAGCAAATG	STREME-8	5.0e-001	chr5:52814788-52815106	13.13	tp	0
8-GAAGCAAATG	STREME-8	5.0e-001	chr17:69526004-69526298	13.13	tp	0
8-GAAGCAAATG	STREME-8	5.0e-001	chr20:6828708-6829295	13.13	fp	0
8-GAAGCAAATG	STREME-8	5.0e-001	chr3:150252486-150252843	13.12	tp	0
8-GAAGCAAATG	STREME-8	5.0e-001	chr2:44082980-44083390	13.12	tp	0
8-GAAGCAAATG	STREME-8	5.0e-001	chr7:8296033-8296452	12.96	tp	0
8-GAAGCAAATG	STREME-8	5.0e-001	chr3:12409059-12409381	12.96	tp	0
8-GAAGCAAATG	STREME-8	5.0e-001	chr18:28073663-28073985	12.96	tp	0
8-GAAGCAAATG	STREME-8	5.0e-001	chr2:222842435-222843186	12.96	tp	0
8-GAAGCAAATG	STREME-8	5.0e-001	chr9:33139536-33140359	12.75	tp	0
8-GAAGCAAATG	STREME-8	5.0e-001	chr6:51959650-51960107	12.70	tp	0
8-GAAGCAAATG	STREME-8	5.0e-001	chr3:119891866-119892532	12.70	tp	0
8-GAAGCAAATG	STREME-8	5.0e-001	chr8:125278220-125278632	12.70	fp	0
8-GAAGCAAATG	STREME-8	5.0e-001	chr8:118099547-118100287	12.63	tp	0
8-GAAGCAAATG	STREME-8	5.0e-001	chr5:140145760-140146280	12.63	tp	0
8-GAAGCAAATG	STREME-8	5.0e-001	chr20:6142379-6142709	12.61	tp	0
8-GAAGCAAATG	STREME-8	5.0e-001	chr4:169243871-169244167	12.60	tp	0
